id,source,title,label,valid_image_path,text_pred_label,text_correct,mm_pred_label,mm_correct,error_type
gossipcop-921650,gossipcop,Megan Fox gets emotional on Hollywood Medium,real,True,real,True,real,True,both_correct
gossipcop-2502492072,gossipcop,Kylie Jenner: Why She’s Crying Herself To Sleep Over Delivery Room Drama,fake,False,fake,True,fake,True,both_correct
gossipcop-3349415808,gossipcop,8 Juiciest Celebrity Feuds of 2017,fake,True,fake,True,fake,True,both_correct
gossipcop-943749,gossipcop,2018 MTV Movie and TV Awards: Complete List of Winners,real,True,real,True,real,True,both_correct
gossipcop-7661930332,gossipcop,Angela Kardashian Angela Kardashian,fake,False,fake,True,fake,True,both_correct
politifact312,politifact,"Saudi Arabia Energy Data, Statistics and Analysis",real,False,real,True,real,True,both_correct
gossipcop-3012501895,gossipcop,Shia Labeouf Hitting On Dakota Johnson During Movie Shoot?,fake,False,fake,True,fake,True,both_correct
gossipcop-935743,gossipcop,"LISTEN: Christina Aguilera, Demi Lovato Debut 'Fall In Line'",real,False,real,True,real,True,both_correct
gossipcop-893601,gossipcop,Tracee Ellis Ross To Host The 2017 American Music Awards On ABC,real,True,real,True,real,True,both_correct
gossipcop-9666581710,gossipcop,Brad Pitt and Marion Cotillard: Spotted Nearly Kissing!!!!!!,fake,False,fake,True,fake,True,both_correct
gossipcop-904865,gossipcop,The Best Oprah Moments of 2018,real,True,real,True,real,True,both_correct
gossipcop-913467,gossipcop,"Danielle Herrington Photos, Sports Illustrated Swimsuit 2018",real,False,real,True,real,True,both_correct
gossipcop-6857021229,gossipcop,Angelina Jolie,fake,True,fake,True,fake,True,both_correct
politifact14330,politifact,ни чего нового как правильно,fake,False,real,False,real,False,both_wrong
gossipcop-921998,gossipcop,Blake Shelton Reminds Fans That Gwen Stefani Is the “Greatest”,real,True,fake,False,fake,False,both_wrong
gossipcop-896210,gossipcop,Kylie Jenner Chops Off Hair Again Amid Pregnancy Rumors,real,True,fake,False,fake,False,both_wrong
gossipcop-932083,gossipcop,Zoe Saldana Is Praised by ''Partner in Crime'' Mila Kunis at Hollywood Walk of Fame Ceremony,real,False,real,True,real,True,both_correct
gossipcop-1114105172,gossipcop,Brad Pitt is ‘quietly dating’ as he has ‘secret meeting’ with Jennifer Aniston,fake,True,fake,True,fake,True,both_correct
gossipcop-8482372890,gossipcop,Is Brad Pitt’s Body Odor Becoming A Problem For Friends Helping Him Through Angelina Jolie Divorce Aftermath,fake,False,fake,True,fake,True,both_correct
gossipcop-6021814191,gossipcop,How Brad Pitt Emerged From His Split With Angelina Jolie Better Than Ever,fake,True,fake,True,fake,True,both_correct
gossipcop-924937,gossipcop,Inside Amanda Bynes’ Private World: How She’s Staging Her Return to Hollywood,real,False,real,True,real,True,both_correct
politifact15604,politifact,"NASA Will Pay You $100,000 To Stay In Bed For 60 Days!",fake,False,real,False,fake,True,multimodal_only_correct
gossipcop-7476822295,gossipcop,"Matt Lauer made at least $100 million before he got fired — and he bought a horse farm, a waterfront estate, and a co-op in Bernie Madoff's old building",fake,True,real,False,real,False,both_wrong
gossipcop-9852868069,gossipcop,"Donald Trump Jr. Suggests Ron Perlman Knew About Harvey Weinstein’s Sexual Abuse, Calls Him a ‘Coward’ For Being Silent",fake,True,real,False,real,False,both_wrong
politifact512,politifact,Barack Obama’s Remarks in St. Paul,real,False,real,True,real,True,both_correct
gossipcop-5249498116,gossipcop,Tom Cruise,fake,True,fake,True,fake,True,both_correct
gossipcop-895247,gossipcop,Hilary Duff Pregnant With Baby No. 2,real,True,fake,False,fake,False,both_wrong
gossipcop-3447280734,gossipcop,"After everything, Ben Affleck wishes he could win Jennifer Garner back, new report says",fake,True,fake,True,fake,True,both_correct
gossipcop-1982854556,gossipcop,Jason Momoa Adorns the Cover of American Way’s November Issue,fake,False,real,False,real,False,both_wrong
politifact13936,politifact,BREAKING: Autopsy Results From Vince Foster’s Exhumed Body–Cause Of Death To Be Changed,fake,False,fake,True,fake,True,both_correct
gossipcop-861700,gossipcop,Kenya Moore Shares First Photos From Her Super Secret Wedding,real,True,real,True,real,True,both_correct
gossipcop-915124,gossipcop,"Megan Fox Dishes on Balancing Romance, Kids and Designing Lingerie",real,False,fake,False,fake,False,both_wrong
gossipcop-887546,gossipcop,Inside Jessie James Decker's Holidays With Eric Decker and Kids,real,True,real,True,real,True,both_correct
gossipcop-895300,gossipcop,8 Ways You're Probably Using Your Curling Iron Wrong,real,True,real,True,real,True,both_correct
politifact14155,politifact,"BOMBSHELL: COMEY KNEW MURDERED DNC STAFFER, SETH RICH, WAS WIKILEAKS SOURCE & COVERED IT UP FOR HILLARY",fake,False,fake,True,real,False,text_only_correct
gossipcop-347202688,gossipcop,Everything Jennifer Garner Has Said About Ben Affleck Since Their Split,fake,False,fake,True,fake,True,both_correct
gossipcop-840843,gossipcop,Kate Gosselin's Net Worth and Income,real,False,fake,False,fake,False,both_wrong
gossipcop-7371687331,gossipcop,"Jennifer Garner Confronted Lindsay Shookus About Ben Affleck Relationship, Sources Say",fake,True,fake,True,fake,True,both_correct
politifact14769,politifact,American News is under construction,fake,False,real,False,real,False,both_wrong
gossipcop-952021,gossipcop,Travis Barker Survives ‘Really Bad’ Crash with School Bus,real,False,fake,False,fake,False,both_wrong
gossipcop-952733,gossipcop,Katy Perry Suffered From “Situational Depression” Due to Widely Panned Witness Album,real,False,fake,False,fake,False,both_wrong
gossipcop-9533859944,gossipcop,Nicole Kidman wants Keith Urban to join cast of Big Little Lies but he’s not convinced,fake,True,fake,True,fake,True,both_correct
gossipcop-6509869720,gossipcop,Brad Pitt and Jennifer Aniston 'busted' over Aspen reunion,fake,False,fake,True,fake,True,both_correct
gossipcop-9562033469,gossipcop,"Miranda Lambert And Blake Shelton Reportedly Still Hate Each Other, According To ‘OK!’",fake,False,fake,True,fake,True,both_correct
gossipcop-863572,gossipcop,Puppy feeding guidelines,real,False,real,True,real,True,both_correct
gossipcop-7052542773,gossipcop,Katy Perry Rocks Lingerie Look for Date Night With Orlando Bloom,fake,True,real,False,real,False,both_wrong
gossipcop-5266288087,gossipcop,Selena Gomez Vogue Cover Story: See Interview Highlights!,fake,False,fake,True,fake,True,both_correct
gossipcop-6739681229,gossipcop,Selena Gomez Gets Matching Tattoos With Friends,fake,False,fake,True,fake,True,both_correct
gossipcop-795008,gossipcop,JonBenét Ramsey: the brutal child murder that still haunts America,real,True,real,True,real,True,both_correct
gossipcop-933011,gossipcop,"John Boyega and Letitia Wright are the internet's new favorite couple, but are they a couple?",real,True,real,True,real,True,both_correct
gossipcop-888745,gossipcop,‘Stranger Things’ Season 2 Reviews: What the Critics Are Saying,real,True,real,True,real,True,both_correct
gossipcop-5939824224,gossipcop,"Celebrities slam Trump decision to end DACA as 'callous,' 'disgusting,' and a 'grave mistake'",fake,True,fake,True,fake,True,both_correct
gossipcop-6849558814,gossipcop,List of Women Brad Pitt Has Dated,fake,True,fake,True,fake,True,both_correct
gossipcop-987677530,gossipcop,Morning Mayhem! Kelly ‘Ready To Walk’ After Ryan’s Big ‘Live’ Betrayal,fake,True,fake,True,fake,True,both_correct
gossipcop-1952316280,gossipcop,"Steven Spielberg and Meryl Streep on Trump, News and Why 'The Post' Had to Be Made Now: ""Everyone I Know Is Scared""",fake,True,fake,True,real,False,text_only_correct
gossipcop-848653,gossipcop,Grey's Anatomy Just Set the Wheels in Motion for Another Doctor's Departure,real,False,fake,False,fake,False,both_wrong
gossipcop-8929202488,gossipcop,Scarlett Johansson Laughs At Colin Jost’s “Dirty” Talk?,fake,False,real,False,real,False,both_wrong
gossipcop-5011578652,gossipcop,Watch Jenna Dewan Sizzle In Dance Off With J.Lo In 'World Of Dance' Trailer,fake,True,real,False,real,False,both_wrong
gossipcop-881902,gossipcop,Kellan Lutz Is Engaged to Brittany Gonzales,real,True,real,True,real,True,both_correct
gossipcop-690037397,gossipcop,Desperate Ariel Winter Begging Boyfriend Levi To Get Her Pregnant ‘ASAP’!,fake,True,fake,True,real,False,text_only_correct
gossipcop-5913883000,gossipcop,Reese Witherspoon,fake,True,real,False,real,False,both_wrong
gossipcop-860284,gossipcop,Christina El Moussa Looks Totally Smitten on Dinner Date With New Boyfriend -- See the Pic!,real,False,real,True,real,True,both_correct
gossipcop-882647,gossipcop,DWTS: Jenna Johnson Asked Adam Rippon to Be in Her Wedding,real,True,real,True,real,True,both_correct
gossipcop-7179143698,gossipcop,"‘Big Little Lies’ Season 2: Shailene Woodley, Laura Dern, Zoë Kravitz Set to Return",fake,True,real,False,real,False,both_wrong
gossipcop-5058047358,gossipcop,Shapeshifting,fake,False,real,False,real,False,both_wrong
gossipcop-5822017181,gossipcop,Selena Gomez   Justin Bieber NOT Reconnecting Reconnecting Despite Reports,fake,False,fake,True,fake,True,both_correct
gossipcop-341261813,gossipcop,Katie Holmes Talks Getting in Shape for 'The Doorman',fake,True,fake,True,fake,True,both_correct
gossipcop-880294,gossipcop,Stephen Colbert To Be Jimmy Kimmel’s Guest On Thursday Night,real,False,real,True,real,True,both_correct
gossipcop-845844,gossipcop,Judge Sets Trial Date for Bachelor Alum Chris Soules' Fatal Car Crash Case,real,True,real,True,real,True,both_correct
gossipcop-841930,gossipcop,'It's Stupid!' 'Teen Mom OG' Stars Aren't Happy With Farrah Abraham's Replacement,real,True,real,True,real,True,both_correct
gossipcop-931638,gossipcop,"Inside Ciara's Year of ""Life and Love"": Russell Wilson's Daddy Skills, Her Kids' ""Awesome"" Bond and More",real,True,real,True,real,True,both_correct
gossipcop-8165063873,gossipcop,Miley Cyrus and Liam Hemsworth split for a second time: Reports,fake,True,fake,True,fake,True,both_correct
gossipcop-3528288450,gossipcop,Ellen DeGeneres confronted by waitress over tip?,fake,False,fake,True,fake,True,both_correct
gossipcop-948472,gossipcop,Khloe Kardashian Coos at a Grinning Baby True in Adorable Video,real,False,fake,False,fake,False,both_wrong
gossipcop-904804,gossipcop,Ansel Elgort and Shailene Woodley had a Fault in Our Stars reunion at the Globes,real,True,real,True,real,True,both_correct
gossipcop-7052175110,gossipcop,Charlie Hunnam and Robert Pattinson Barely Spoke on 'The Lost City of Z' Set,fake,True,fake,True,fake,True,both_correct
gossipcop-857666,gossipcop,"Harry Styles calls 14-year-old victim of Manchester bombing, tells her he loves her",real,True,real,True,real,True,both_correct
gossipcop-9808537193,gossipcop,"Kim Kardashian, Kanye West Competing With Beyonce, Jay-Z Over House Size?",fake,True,fake,True,real,False,text_only_correct
gossipcop-912059,gossipcop,Sarah Ferguson: Why she was invited to Prince Harry’s wedding but NOT Prince William’s,real,True,fake,False,real,True,multimodal_only_correct
gossipcop-2205817813,gossipcop,This Is Real Life! Beyoncé and Jay-Z Reveal How They Did The Work and Saved Their Marriage On New Album,fake,True,fake,True,real,False,text_only_correct
gossipcop-1470939687,gossipcop,Are Brad Pitt and Jennifer Lawrence dating?,fake,True,fake,True,fake,True,both_correct
gossipcop-842281,gossipcop,"Fighting the Good Fight, But at What Cost?",real,False,real,True,real,True,both_correct
gossipcop-950426,gossipcop,Kourtney Kardashian Criticized by Mommy Shamers Over Son Reign’s Long Locks: ‘Cut His Hair’,real,True,real,True,real,True,both_correct
gossipcop-4174987776,gossipcop,Miley Cyrus and Liam Hemsworth Are Going to Be More Private After Breakup Rumors,fake,True,fake,True,fake,True,both_correct
gossipcop-887379,gossipcop,Kevin James explains why he killed off ‘Kevin Can Wait’ wife and brought on former TV wife Leah Remini,real,True,real,True,real,True,both_correct
gossipcop-953918,gossipcop,Website tidak ditemukan,real,False,real,True,real,True,both_correct
gossipcop-896908,gossipcop,NBC News Fires Matt Lauer After Complaint Of 'Inappropriate Sexual Behavior',real,True,real,True,real,True,both_correct
gossipcop-945473,gossipcop,"TV Cast Shakeups: Who's Coming and Going From Supergirl, The Walking Dead and More",real,False,real,True,real,True,both_correct
gossipcop-2532233011,gossipcop,Kylie Jenner Receives Flowers From ‘Baby Daddy’ Travis Scott,fake,True,fake,True,fake,True,both_correct
gossipcop-7909120625,gossipcop,L&S: Angelina Jolie plans to marry her mystery British-philanthropist boyfriend?,fake,True,fake,True,fake,True,both_correct
gossipcop-1301068570,gossipcop,Channing Tatum and Jenna Dewan Tatum announce separation,fake,True,real,False,real,False,both_wrong
gossipcop-3780295352,gossipcop,Selena Gomez & Justin Bieber (@jelenanetwork) • Instagram photos and videos,fake,False,fake,True,fake,True,both_correct
gossipcop-8430063090,gossipcop,Are Rihanna & BF Hassan Jameel Talking Marriage & An Ironclad Prenup?,fake,False,fake,True,fake,True,both_correct
gossipcop-914699,gossipcop,Lindsey Vonn Wins Bronze Medal In Downhill At Pyeongchang Winter Olympics,real,True,real,True,real,True,both_correct
gossipcop-5676936066,gossipcop,Brad Pitt and Angelina Jolie 'at odds' over custody of their kids,fake,True,fake,True,fake,True,both_correct
gossipcop-880681,gossipcop,Rachel Bloom Bought Her Gucci Dress for the 2017 Emmy Awards,real,True,real,True,real,True,both_correct
gossipcop-7291449284,gossipcop,"Miley Cyrus Breaks Silence on Rootsy New Music, Fiance Liam Hemsworth & America: 'Unity Is What We Need'",fake,True,fake,True,real,False,text_only_correct
gossipcop-905887,gossipcop,"Headlines: Chris Blue, Davon Fleming, Jordin Sparks Celebrate MLK",real,True,real,True,real,True,both_correct
gossipcop-3696200723,gossipcop,Courteney Cox,fake,True,real,False,real,False,both_wrong
gossipcop-5986375886,gossipcop,Jennifer Aniston Did NOT “Turn To Ex” Gerard Butler Amid “Marriage Meltdown”,fake,False,fake,True,fake,True,both_correct
gossipcop-7997596104,gossipcop,Blake Nation - Blake Shelton Tribute Tickets,fake,False,fake,True,fake,True,both_correct
gossipcop-899949,gossipcop,"Your Complete Guide to Visiting Laurel, Mississippi",real,True,real,True,real,True,both_correct
gossipcop-848561,gossipcop,"Pippa Middleton Spotted With ""Something Blue"" Dress Two Weeks Ahead of the Wedding",real,False,real,True,real,True,both_correct
gossipcop-4514188480,gossipcop,Gossip Behind Prince Harry and Meghan Markle's Wedding Explained,fake,True,fake,True,real,False,text_only_correct
gossipcop-947446,gossipcop,Hugh Grant says he wishes he got married earlier: 'I should have done it before',real,True,real,True,real,True,both_correct
gossipcop-846187,gossipcop,Erika Jayne Goes Full Frontal Nude in NSFW Photo,real,True,real,True,real,True,both_correct
gossipcop-866475,gossipcop,Botched Recap: Dr. Terry Dubrow's Breast Reconstruction Helps Partial Paraplegic Megan Finally Become a Fitness Model,real,False,real,True,real,True,both_correct
gossipcop-869184,gossipcop,Then vs now: How the “Game of Thrones” cast has changed since their first season,real,False,real,True,real,True,both_correct
gossipcop-6177735072,gossipcop,"Kris & Caitlyn Jenner ‘Terrified’ About O.J. Simpson’s Prison Release, SOURCE CLAIMS",fake,True,fake,True,fake,True,both_correct
gossipcop-935552,gossipcop,Brooke Burke gives her view of dating mid-divorce,real,True,fake,False,real,True,multimodal_only_correct
gossipcop-926866,gossipcop,Jimmy Kimmel hilariously reads Anna Faris' childhood diary,real,True,real,True,real,True,both_correct
gossipcop-979982150,gossipcop,"Jim Carrey, Robert De Niro Lead Celebrity Tributes to Jerry Lewis: 'He Didn't Miss a Beat, Or a Punchline'",fake,True,fake,True,fake,True,both_correct
gossipcop-2187887628,gossipcop,Celebrities Share Tributes to Victims of the Barcelona Terror Attack,fake,False,fake,True,real,False,text_only_correct
gossipcop-884404,gossipcop,"'Dancing With the Stars' Week 3 Preview: Celebs Reveal Their Sexy, Silly & Superhero-Themed Guilty Pleasures!",real,True,real,True,real,True,both_correct
gossipcop-913165,gossipcop,"A.G. Schneiderman Files Civil Rights Lawsuit Against The Weinstein Companies, Harvey Weinstein, And Robert Weinstein",real,False,real,True,real,True,both_correct
gossipcop-942205,gossipcop,Taylor Swift Is a Fiery Retro Vixen in Sugarland's 'Babe' Video Trailer,real,False,real,True,real,True,both_correct
gossipcop-897394,gossipcop,"Kate Middleton's Third Pregnancy Style: See Her Latest Formal, Fitness and Casual Outfits - Parker XL",real,False,real,True,real,True,both_correct
gossipcop-580848065,gossipcop,25 Famous Women on Waxing and Shaving,fake,True,real,False,real,False,both_wrong
gossipcop-8092575981,gossipcop,The Bachelorette: Becca 'Frustrated' That Tia Still Has Feelings for Colton,fake,True,real,False,real,False,both_wrong
gossipcop-4755663729,gossipcop,Justin Bieber RUINS Selena Gomez Reunion? – Kendall Jenner QUITS Modeling? (Rumor Patrol) & video,fake,False,fake,True,fake,True,both_correct
gossipcop-1532318228,gossipcop,Harry Styles & Taylor Swift Texting After His Nadine Leopold Split,fake,False,fake,True,fake,True,both_correct
gossipcop-861372,gossipcop,Beyonce's father confirms the arrival of her twins,real,True,fake,False,real,True,multimodal_only_correct
gossipcop-7082219813,gossipcop,Caitlyn Jenner Reportedly Wants Kim Kardashian’s Surrogate To Carry A Baby For Her,fake,False,fake,True,fake,True,both_correct
gossipcop-921414,gossipcop,Who Is Zac Efron's Brother? All About His Hot Younger Sibling Dylan,real,True,real,True,real,True,both_correct
gossipcop-872342,gossipcop,Inside Taylor Swift’s Sexual Assault Trial: What’s Really Going on Behind Closed Doors,real,False,real,True,real,True,both_correct
gossipcop-868051,gossipcop,Karina Smirnoff Pisses Off Tiffany Pollard During Explosive Famously Single Fight: ''Don't Ever Call Me a F–king Bitch!'',real,False,real,True,real,True,both_correct
gossipcop-3093408195,gossipcop,Trump defends 'beautiful' Confederate statues,fake,False,fake,True,fake,True,both_correct
gossipcop-888459,gossipcop,The 10 Most Honest Confessions From Demi Lovato's 'Simply Complicated' YouTube Documentary,real,True,real,True,real,True,both_correct
gossipcop-1655879516,gossipcop,Here's Where Things Stand With Kim Kardashian and Kanye West,fake,True,fake,True,real,False,text_only_correct
gossipcop-858966,gossipcop,Alex Rodriguez,real,False,fake,False,fake,False,both_wrong
gossipcop-2734628654,gossipcop,Nicole Kidman and Keith Urban Gush Over Daughters,fake,True,fake,True,fake,True,both_correct
gossipcop-9903637821,gossipcop,Celebrities react to death of Linkin Park singer Chester Bennington,fake,True,fake,True,fake,True,both_correct
gossipcop-913538,gossipcop,Keshia Knight Pulliam's surprising pick for Celebrity Big Brother winner,real,True,fake,False,real,True,multimodal_only_correct
gossipcop-920706,gossipcop,Zayn Malik Speaks Out in Revealing Billboard Cover Story: 'I'm Not Censoring Myself Anymore',real,True,real,True,real,True,both_correct
gossipcop-887228,gossipcop,Stranger Things Season 2 Clip: Eleven Escapes the Upside Down,real,True,real,True,real,True,both_correct
gossipcop-891775,gossipcop,Sarah Hyland dating Wells Adams from the Bachelorette?,real,True,real,True,real,True,both_correct
gossipcop-947919,gossipcop,Summer 2018: The Best Celebrity Vacation Spots,real,False,real,True,real,True,both_correct
gossipcop-9463631797,gossipcop,"Brad Pitt’s Mom Is Not Begging Him To Get Back With Jennifer Aniston, ‘Gossip Cop’ Reports",fake,False,fake,True,fake,True,both_correct
gossipcop-895456,gossipcop,WVLC-99.9 FM,real,False,real,True,real,True,both_correct
gossipcop-878724409,gossipcop,The 15 Saddest Taylor Swift Breakup Songs,fake,True,fake,True,real,False,text_only_correct
gossipcop-293723332,gossipcop,Brad Pitt and Jennifer Aniston 'busted' over Aspen reunion,fake,False,fake,True,fake,True,both_correct
gossipcop-6277141203,gossipcop,Selena Gomez on Friendship With Jennifer Aniston: She Gives Me Advice,fake,True,fake,True,fake,True,both_correct
gossipcop-903790,gossipcop,Khloe Kardashian Has Announced Her Potential Baby Names,real,False,fake,False,fake,False,both_wrong
gossipcop-1708638493,gossipcop,Courteney Cox Did Not Go On ‘Tirade’ About Pal Jennifer Aniston [Debunked],fake,False,fake,True,fake,True,both_correct
gossipcop-919611,gossipcop,"Meryl Streep Joined ‘Big Little Lies’ Season 2 In The Most Adorable Way Possible, According To Nicole Kidman",real,True,real,True,real,True,both_correct
politifact4858,politifact,当ブログでは福岡県内にある不動産会社についてさまざまな情報をまとめています。福岡市の分譲マンションやマンション経営で頼りになる企業をご紹介！,real,False,real,True,real,True,both_correct
gossipcop-841512,gossipcop,Why Barry Manilow Kept His Sexuality on the Down Low...,real,False,real,True,real,True,both_correct
gossipcop-8976766693,gossipcop,Paris Jackson Flakes Out On Dying Mom To Party With Pals In Hippie Hideaway,fake,True,fake,True,fake,True,both_correct
gossipcop-928826,gossipcop,The end of a Kardashian era: within the decision to close DASH and the expansion of the family brand – TECH2,real,False,real,True,real,True,both_correct
gossipcop-889569,gossipcop,Chrissy Teigen's Response to Her Accidental Snapchat Nip Slip Is Quintessentially Chrissy,real,False,real,True,real,True,both_correct
gossipcop-829299488,gossipcop,Gwen Stefani and Blake Shelton Forced to Act in Love for 'The Voice' Cameras (EXCLUSIVE),fake,True,fake,True,fake,True,both_correct
gossipcop-953564,gossipcop,"Taylor Swift, James Corden and Jennifer Hudson Cast in Cats Movie",real,False,fake,False,fake,False,both_wrong
gossipcop-895304,gossipcop,Jennifer Garner Shows How to Make a Perfect Thanksgiving Side Dish for 'Barefoot Contessa' (Exclusive),real,True,fake,False,fake,False,both_wrong
gossipcop-5101516086,gossipcop,Victoria Beckham ‘in talks’ to star in her own reality TV show behind-the-scenes of fashion empire,fake,True,real,False,real,False,both_wrong
gossipcop-941348,gossipcop,Kim Kardashian Wears Her Hair in Natural Waves for 2018 CFDA Awards,real,True,real,True,real,True,both_correct
gossipcop-902014,gossipcop,Matt Lauer and Wife Annette Roque Spotted Spending Time Together Amidst Divorce Rumors,real,False,real,True,real,True,both_correct
gossipcop-9752823264,gossipcop,"Pippa Middleton Denies Meghan Markle Wedding Invite, Fears Prince Harry’s Girlfriend Will Steal Spotlight?",fake,True,fake,True,real,False,text_only_correct
gossipcop-5654555353,gossipcop,Meghan Markle ‘Really Sad’ Her Half-Sis Is Cashing In On Her Relationship With Prince Harry,fake,False,fake,True,fake,True,both_correct
politifact1118,politifact,Public Citizen,real,False,real,True,real,True,both_correct
gossipcop-892834,gossipcop,Louis C.K. Is Accused by 5 Women of Sexual Misconduct,real,False,real,True,real,True,both_correct
gossipcop-1267637959,gossipcop,Lena Dunham and Jack Antonoff have split up,fake,True,fake,True,real,False,text_only_correct
gossipcop-2900876530,gossipcop,Ashton Kutcher has guys' night with 'That '70s Show' bros Wilmer Valderrama and Danny Masterson,fake,False,real,False,real,False,both_wrong
politifact7595,politifact,Fox News Sunday,real,False,real,True,real,True,both_correct
gossipcop-853308,gossipcop,The $30 Zara Item Lauren Conrad Loves Right Now,real,False,real,True,real,True,both_correct
gossipcop-2970470770,gossipcop,Pregnancy Nightmare! Khloe Kardashian ‘Riddled With Anxiety’ And ‘Isolated’ While Expecting!,fake,True,fake,True,real,False,text_only_correct
gossipcop-882630,gossipcop,Sterling K. Brown blesses us with another shirtless moment,real,True,real,True,real,True,both_correct
gossipcop-884122,gossipcop,Crystal Hefner breaks her silence after Hugh’s death,real,False,real,True,real,True,both_correct
gossipcop-893692,gossipcop,"'Dancing With the Stars' recap: Drew Scott eliminated, 'couldn't have asked for a better partner'",real,True,real,True,real,True,both_correct
gossipcop-947147,gossipcop,The Truth About the Complicated Relationship Between Meghan Markle and Her Father Thomas,real,False,fake,False,fake,False,both_wrong
gossipcop-5900134428,gossipcop,Lady Gaga NOT Dating Christian Carino To Help Acting Career  Despite Claim,fake,False,fake,True,fake,True,both_correct
gossipcop-6519223126,gossipcop,Jennifer Lawrence Says ‘Mother!’ Led to Darren Aronofsky Split,fake,True,real,False,real,False,both_wrong
gossipcop-2235012969,gossipcop,Ashton Kutcher Forbid Mila Kunis From Working With Scott Eastwood,fake,False,fake,True,fake,True,both_correct
gossipcop-2586454156,gossipcop,The long goodbye: Irina Shayk gives Bradley Cooper a farewell kiss before leaving London,fake,True,real,False,real,False,both_wrong
gossipcop-1287068479,gossipcop,The 'secret' making of Meghan Markle's royal wedding gown,fake,True,fake,True,fake,True,both_correct
gossipcop-892978,gossipcop,"Taylor Swift Confirms Blake Lively, Ryan Reynolds’ Daughter Is on ‘Gorgeous’",real,True,fake,False,real,True,multimodal_only_correct
gossipcop-896079,gossipcop,Kris Jenner dons $8K Versace ensemble to Thanksgiving dinner in Palm Springs,real,True,fake,False,fake,False,both_wrong
gossipcop-932478,gossipcop,E! NEWS EXCLUSIVE: 5 Reasons Why Tarek El Moussa Will Overcome His Latest Back Injury,real,False,real,True,fake,False,text_only_correct
gossipcop-858131,gossipcop,Gal Gadot's Pageant Past: Wonder Woman Star Dazzled as Miss Israel,real,True,real,True,real,True,both_correct
gossipcop-3598077128,gossipcop,About How Katie Holmes Is ‘ Trapped ’ And ‘ ’ t Let Go ’ Of Jamie Foxx Is True,fake,False,fake,True,fake,True,both_correct
gossipcop-9190177479,gossipcop,How Jerry O'Connell Knew He Wasn't Going to Get the Job on Live! With Kelly,fake,True,fake,True,fake,True,both_correct
gossipcop-3054032558,gossipcop,Kylie Jenner slams claim Kris is guiding Travis Scott and Kanye West,fake,True,fake,True,fake,True,both_correct
gossipcop-3866973106,gossipcop,Jennifer Aniston Is Getting Close to Will Arnett Following Justin Theroux Split (EXCLUSIVE),fake,False,fake,True,fake,True,both_correct
gossipcop-897044,gossipcop,Ranking All of the Avengers’ New Looks In the Avengers: Infinity War Trailer,real,False,real,True,real,True,both_correct
gossipcop-6503389654,gossipcop,"Britney Spears’ Boyfriend Sam Asghari Did Not Buy Her Boob Job, Despite Report",fake,False,fake,True,fake,True,both_correct
gossipcop-877979,gossipcop,Sanaa Lathan Shaved Her Head For 'Nappily Ever After' & It Let Her Embrace Her Natural Hair Like Never Before,real,True,real,True,real,True,both_correct
gossipcop-6859685462,gossipcop,Amal Clooney displays her post-baby body in tight tank top,fake,True,real,False,real,False,both_wrong
gossipcop-889024,gossipcop,"James Corden, Jimmy Fallon debunk first lady body-double theory with 'the real Melania'",real,False,real,True,real,True,both_correct
gossipcop-874217,gossipcop,Princess Eugenie basically confirmed the Queen loves The Crown,real,True,real,True,real,True,both_correct
politifact2166,politifact,'This Week' Transcript: Pelosi and Gates,real,False,real,True,real,True,both_correct
gossipcop-871774,gossipcop,Kylie Jenner’s best friend Jordyn Woods is building her own brand,real,False,real,True,real,True,both_correct
gossipcop-936086,gossipcop,Meghan Markle confirms her father will not attend the royal wedding,real,True,fake,False,real,True,multimodal_only_correct
gossipcop-2932564057,gossipcop,"VIDEO: Fifth Harmony Perform, Play 'Flinch' on LATE LATE SHOW Video",fake,True,real,False,real,False,both_wrong
gossipcop-5643074308,gossipcop,Taylor Swift Wants to 'Set Down Roots' With Joe Alwyn in England,fake,True,fake,True,fake,True,both_correct
gossipcop-4998029134,gossipcop,Caitlyn Jenner Regrets BASHING Kylie Jenner's Pregnancy; BEGGING To Be In The Delivery Room,fake,False,fake,True,fake,True,both_correct
gossipcop-866385,gossipcop,Jessica Biel shares the secret to her happy marriage with Justin Timberlake,real,True,fake,False,real,True,multimodal_only_correct
gossipcop-6061450135,gossipcop,"Brad Pitt News, Pictures, and Videos",fake,True,fake,True,fake,True,both_correct
gossipcop-883956,gossipcop,Audrina Patridge 'Reached Out' to Ex Justin Bobby After Her Split From Husband Corey Bohan,real,True,real,True,real,True,both_correct
gossipcop-904827,gossipcop,"Harvey Weinstein Uses Emails From Jill Messick, Ben Affleck To Deny Rose McGowan Claims",real,True,fake,False,fake,False,both_wrong
gossipcop-3824342313,gossipcop,Jennifer Aniston ’ s Famous Suitors Include Orlando Bloom  Chris Evans  Jared Leto,fake,False,fake,True,fake,True,both_correct
gossipcop-2870787911,gossipcop,Justin Bieber JEALOUS of Selena Gomez's Friendship with Timothee Chalamet?!,fake,False,fake,True,fake,True,both_correct
politifact14222,politifact,Democrat Maxine Waters Has Shown Up To Only 10% Of Congressional Meetings For 35 YEARS,fake,False,real,False,real,False,both_wrong
politifact690,politifact,Survey Results from Hays Research Group,real,False,real,True,real,True,both_correct
gossipcop-7876689717,gossipcop,Has ISIS hacked Meghan Markle's intimate photos to arm-twist royals and England?,fake,False,fake,True,fake,True,both_correct
gossipcop-8848998621,gossipcop,Brad Pitt is NOT dating Jennifer Lawrence despite claims,fake,True,fake,True,fake,True,both_correct
gossipcop-9016605294,gossipcop,A Timeline of All the Drama Between Justin Bieber and Selena Gomez,fake,True,fake,True,fake,True,both_correct
gossipcop-867593,gossipcop,"Aaron Carter arrested for DUI, possession 3 weeks after Syracuse 'health issues'",real,False,real,True,real,True,both_correct
gossipcop-5421604922,gossipcop,Jay Z & Beyonce: He Was Brought To Tears Holding ‘His New Son’ For The First Time Ever,fake,False,real,False,real,False,both_wrong
gossipcop-895746,gossipcop,"In the Age of Trump, Comfort Food TV Is Working",real,True,real,True,real,True,both_correct
gossipcop-7125233713,gossipcop,Blake Shelton & Gwen’s Baby Plans: ‘Surrogacy & Adoption’ Were Discussed On Mother’s Day,fake,False,fake,True,fake,True,both_correct
gossipcop-3373871711,gossipcop,Jamie Foxx and Katie Holmes Finally Out in Public As a Couple,fake,True,fake,True,real,False,text_only_correct
gossipcop-943849,gossipcop,Kelly Clarkson to Be Honored With Icon Award at 2018 Radio Disney Music Awards,real,True,real,True,real,True,both_correct
gossipcop-9245155922,gossipcop,Khloe Kardashian Responds to O.J. Simpson Rumors: Is He Her Father?!,fake,False,fake,True,fake,True,both_correct
gossipcop-9496768130,gossipcop,Spooky Sounds & Strange Shadows! Keith & Nicole’s Dream Home Haunted By King Of Pop,fake,True,real,False,real,False,both_wrong
gossipcop-933665,gossipcop,Christina Aguilera Announces First Tour In Over A Decade Will Travel Across North America This Fall,real,True,real,True,real,True,both_correct
gossipcop-6998565068,gossipcop,"Britney Spears mobbed by fans on first visit to Israel, cancels dinner with PM Benjamin Netanyahu- Entertainment News, Firstpost",fake,False,fake,True,fake,True,both_correct
gossipcop-907611,gossipcop,Shop Meghan Markle's Royal Duchess Style,real,True,real,True,real,True,both_correct
gossipcop-881600,gossipcop,Halle Berry Goes on Romantic Dinner Date With Alex Da Kid After Going Public With New Romance: Pic!,real,True,fake,False,fake,False,both_wrong
politifact15475,politifact,"National Guard Storms Mexico Border, Makes Game-Changing Impact In Just 30 Days",fake,False,real,False,real,False,both_wrong
gossipcop-935035,gossipcop,Katherine Heigl Talks Joining Suits —and How Her Mom Helped Her Get the Gig,real,False,fake,False,real,True,multimodal_only_correct
gossipcop-1768508809,gossipcop,Jessica Simpson Is Jealous Of Mandy Moore's 'This Is Us' Success,fake,True,fake,True,fake,True,both_correct
gossipcop-862415,gossipcop,George Clooney’s Tequila Company Sold for Up to $1 Billion,real,False,fake,False,fake,False,both_wrong
gossipcop-8385288350,gossipcop,Angelina Jolie Gets New Divorce Lawyer Amid Brad Pitt Custody Battle,fake,True,fake,True,fake,True,both_correct
gossipcop-4992887613,gossipcop,Kim Kardashian and Kanye West Are Reportedly Building a $50K Pool,fake,True,fake,True,fake,True,both_correct
gossipcop-6982710185,gossipcop,Celebrities React to Hurricane Irma,fake,True,fake,True,fake,True,both_correct
gossipcop-5669041678,gossipcop,Kendall   Kylie Jenner Jenner NOT Upset Upset Over Caitlyn Engagement Engagement Despite Report,fake,False,fake,True,fake,True,both_correct
gossipcop-894421,gossipcop,Tim Allen reveals 'The Santa Clause' originally had a very morbid twist,real,False,real,True,real,True,both_correct
politifact542,politifact,Interview with Sen John McCain,real,False,real,True,real,True,both_correct
politifact8069,politifact,"Remarks by the President on the Economy -- Knox College, Galesburg, IL",real,False,real,True,real,True,both_correct
gossipcop-937354,gossipcop,Kelly Clarkson Channels a Dark Queen at Billboard Music Awards 2018,real,False,real,True,real,True,both_correct
gossipcop-9658632569,gossipcop,Jennifer Garner ‘Doesn’t Want’ Her Kids Around Lindsay Shookus,fake,True,fake,True,fake,True,both_correct
gossipcop-5600549104,gossipcop,Mike Tyson Offered SERIOUS Ca$h To Fight Russian Dictator Vladimir Putin,fake,True,real,False,real,False,both_wrong
gossipcop-933841,gossipcop,"Christina Aguilera, Britney Spears: What They've Said About Each Other",real,True,fake,False,real,True,multimodal_only_correct
gossipcop-901159,gossipcop,Zac Efron Didn't Think He Could Star In Another Musical,real,False,real,True,real,True,both_correct
gossipcop-866078,gossipcop,This Coldplay Superfan Got the Surprise of a Lifetime After Crowd Surfing in His Wheelchair to Chris,real,False,real,True,real,True,both_correct
gossipcop-857937,gossipcop,Bloodline Sets Final Season Premiere: Watch the Ominous Trailer,real,False,real,True,real,True,both_correct
gossipcop-8328156845,gossipcop,Connecting People Through News,fake,False,fake,True,fake,True,both_correct
gossipcop-33469609,gossipcop,Taylor Swift Wants to 'Set Down Roots' With Joe Alwyn in England,fake,True,fake,True,fake,True,both_correct
gossipcop-869082,gossipcop,Shannon Beador Thinks She Knows the Real Root of The Quiet Woman Drama,real,False,real,True,real,True,both_correct
gossipcop-2064470814,gossipcop,When women are abused on screen — and how that shapes opinions about whose stories we believe in real life,fake,True,real,False,real,False,both_wrong
gossipcop-5627872766,gossipcop,Could Charlize Theron Get A Role In 'Wonder Woman 2'?,fake,True,real,False,real,False,both_wrong
gossipcop-940270,gossipcop,Kathy Griffin,real,False,real,True,real,True,both_correct
gossipcop-911710,gossipcop,Camila Mendes Wears This $9 Nail Polish in Every Episode of 'Riverdale',real,True,real,True,real,True,both_correct
gossipcop-4930780559,gossipcop,Ultimate Betrayal! Jennifer Aniston’s BFF Is Still Hanging With Justin Theroux,fake,True,fake,True,fake,True,both_correct
gossipcop-2981171702,gossipcop,Tom Cruise and Jane Fonda spark romance rumours,fake,False,fake,True,fake,True,both_correct
politifact13038,politifact,The numbers don't lie... - Occupy Democrats,fake,True,real,False,real,False,both_wrong
gossipcop-6217155245,gossipcop,Basic Instinct stars Michael Douglas and Sharon Stone reunite for the first time in years (and they've barely aged a day),fake,True,real,False,real,False,both_wrong
gossipcop-909631,gossipcop,Lady Gaga's Braid at the 2018 Grammys Is So Cool It Hurts,real,True,real,True,real,True,both_correct
gossipcop-9227872746,gossipcop,Trump Renaming ‘Black History Month’ After 41 Years Of Celebration – Report,fake,False,fake,True,fake,True,both_correct
gossipcop-3161672628,gossipcop,"The Weeknd Makes Jokes About Long Distance Relationships On Stage; Is He Referring To His Ex, Selena Gomez?",fake,False,fake,True,fake,True,both_correct
gossipcop-2389711269,gossipcop,Is Katy Perry using Robert Pattinson for fame and attention?,fake,False,fake,True,fake,True,both_correct
gossipcop-9076033469,gossipcop,Rihanna Tempting Hassan Jameel Hassan Jameel Endless Legs,fake,False,fake,True,fake,True,both_correct
gossipcop-843387,gossipcop,WWE’s Dean Ambrose and Renee Young's weird wedding,real,True,real,True,real,True,both_correct
gossipcop-9030342447,gossipcop,Hoax claims Joy Behar wished Trump's death on Twitter,fake,False,fake,True,fake,True,both_correct
gossipcop-936627,gossipcop,Princess Eugenie wedding dress REVEALED: First picture of Peter Pilotto gown,real,True,real,True,real,True,both_correct
gossipcop-850269,gossipcop,Life of Kylie,real,False,real,True,fake,False,text_only_correct
gossipcop-943451,gossipcop,Incredibles 2 Review Roundup: Was 14 Years Of Waiting Worth It?,real,True,real,True,real,True,both_correct
gossipcop-947009,gossipcop,KJ Apa Roasts Cole Sprouse on Instagram With a Throwback Photo,real,True,real,True,real,True,both_correct
politifact14225,politifact,Ivanka Trump: Father feels 'vindicated' after Comey hearing,real,False,fake,False,real,True,multimodal_only_correct
politifact15494,politifact,BREAKING: Shep Smith To Be Canned Because He Can’t Control His Hate For Donald Trump,fake,False,fake,True,fake,True,both_correct
gossipcop-9041236345,gossipcop,Angelina Jolie quits Hollywood for politics,fake,False,fake,True,fake,True,both_correct
gossipcop-3662901506,gossipcop,Boss From Hell! Ellen DeGeneres Treats Her Talk Show Staff Like ‘Peasants!’,fake,True,real,False,real,False,both_wrong
gossipcop-81380989,gossipcop,Sofia Richie looks the double of Kourtney Kardashian as she lunches with Scott Disick,fake,True,fake,True,fake,True,both_correct
gossipcop-917799,gossipcop,Watch Jennifer Lawrence Hilariously Take Lie Detector Test,real,True,real,True,real,True,both_correct
gossipcop-7401878220,gossipcop,"Maybe Justin Bieber quit tour to start his own church, reports say",fake,True,fake,True,fake,True,both_correct
gossipcop-9919498974,gossipcop,Dakota Johnson And Chris Martin Fast-Track Wedding Plans,fake,False,fake,True,fake,True,both_correct
gossipcop-843666,gossipcop,"Savannah Guthrie ""Can't Wait"" to Have Hoda Kotb's ""Happiness and Joy"" Back on Today",real,True,fake,False,real,True,multimodal_only_correct
gossipcop-4577642462,gossipcop,Kendall Jenner ‘Jealous’ That Blake Griffin Has Moved On As She Keeps It Casual With Ben & Anwar,fake,True,fake,True,fake,True,both_correct
gossipcop-7156354270,gossipcop,Countdown to the Royal Wedding: Why Meghan Markle Could Become the Next Princess Diana,fake,True,fake,True,real,False,text_only_correct
politifact14832,politifact,BREAKING: Roy Moore’s Accuser Arrested And Charged With Falsification,fake,False,fake,True,fake,True,both_correct
gossipcop-2106563544,gossipcop,"Kim Kardashian & Kris Jenner Talk Khlo├â┬⌐, Kanye, & Babies On Live With Kelly And Ryan! WATCH!",fake,False,fake,True,fake,True,both_correct
gossipcop-5008719868,gossipcop,Sexless Marriage! Kim Kardashian & Kanye West Back In Separate Beds,fake,True,fake,True,fake,True,both_correct
gossipcop-889508,gossipcop,Corey Feldman Wages $10 Million Campaign To Expose Hollywood Pedophile Ring,real,True,real,True,real,True,both_correct
gossipcop-940977,gossipcop,"Becca Tilley Is the 5th Wheel Among 2 Bachelor Couples at Wango Tango: ""This Is Fun""",real,False,real,True,real,True,both_correct
gossipcop-893678,gossipcop,"Jordin Sparks Secretly Marries Dana Isaiah, Announces She's Pregnant With First Child!",real,True,fake,False,fake,False,both_wrong
gossipcop-887550,gossipcop,Beyoncé turned down a role in ‘Beauty and the Beast’,real,True,real,True,real,True,both_correct
gossipcop-9821554836,gossipcop,Trouble In Paradise? George & Amal Clooney Sleeping In Separate Bedrooms,fake,True,fake,True,real,False,text_only_correct
gossipcop-855992,gossipcop,The top 50 most-watched shows of the 2017-18 season,real,True,real,True,real,True,both_correct
gossipcop-940821,gossipcop,Ashlee Simpson-Ross & Evan Ross Open Up About Their New E! Show & Making Music Together,real,True,fake,False,real,True,multimodal_only_correct
gossipcop-950946,gossipcop,Surveillance Footage Shows George Clooney's Scooter Crash,real,True,fake,False,fake,False,both_wrong
gossipcop-3054920479,gossipcop,"Is it true that Prince Charles would need to change his name if he ever became King of England, due to the misfortunes of previous King Charles''?",fake,False,real,False,real,False,both_wrong
gossipcop-685348949,gossipcop,Traitor! Kim Kardashian’s Family ‘Furious’ Over Meeting With Donald Trump,fake,True,fake,True,fake,True,both_correct
gossipcop-6861973641,gossipcop,Trump Defends Initial Remarks on Charlottesville; Again Blames ‘Both Sides’,fake,False,fake,True,fake,True,both_correct
gossipcop-882919,gossipcop,Julia Stiles Net Worth,real,True,real,True,fake,False,text_only_correct
gossipcop-7506044975,gossipcop,"George Clooney’s Twins Drenched His $5,000 Tuxedo In Milk",fake,True,fake,True,fake,True,both_correct
gossipcop-1757374802,gossipcop,The Internet's Most Savage Reactions to Kylie Jenner Naming Her Daughter Stormi,fake,True,real,False,real,False,both_wrong
gossipcop-677536384,gossipcop,"Kanye West Not Rejected From ‘American Idol’ Reboot, Despite Report",fake,False,fake,True,fake,True,both_correct
gossipcop-863832,gossipcop,'Younger' Boss Provides Clarity on Two Open-Ended Character Romances,real,True,real,True,real,True,both_correct
gossipcop-881696,gossipcop,Sterling K Brown Finishes Emmys Speech Backstage,real,True,real,True,real,True,both_correct
gossipcop-846387,gossipcop,Goldie Hawn Spills Details On15-Year Break From Hollywood,real,True,real,True,real,True,both_correct
gossipcop-1617999521,gossipcop,"Kylie Jenner SPILLS on Insecurity and Plastic Surgery: ""I Was OBSESSED with Making My Lips Bigger""",fake,False,fake,True,fake,True,both_correct
gossipcop-895616,gossipcop,"Kim Zolciak-Biermann Takes You Inside Her ""Fiery"" Fight with Kenya Moore, Insult by Insult",real,False,real,True,real,True,both_correct
gossipcop-2634690154,gossipcop,Justin Bieber Destroys Gossip Site Over Bogus Selena Gomez Church Story,fake,False,fake,True,fake,True,both_correct
gossipcop-669561805,gossipcop,Gwen Stefani denies reports she's struggling to sell Las Vegas residency tickets,fake,True,fake,True,fake,True,both_correct
gossipcop-857009,gossipcop,How to Get Rid of a Popped Pimple Overnight,real,True,real,True,real,True,both_correct
politifact1436,politifact,McDonnell Letter Urges No Delay in Virginia Offshore Energy Exploration and Development,real,False,real,True,real,True,both_correct
politifact975,politifact,A Preliminary Analysis of the President’s Budget and an Update of CBO’s Budget and Economic Outlook,real,False,real,True,real,True,both_correct
politifact14947,politifact,Bill Clinton’s Hitman Confesses On His Deathbed (SOURCE: HANNITY),fake,False,fake,True,real,False,text_only_correct
gossipcop-904884,gossipcop,"Golden Globes 2018: Black Dresses, Time’s Up, and Fashion as Activism",real,True,real,True,real,True,both_correct
gossipcop-913811,gossipcop,'This Beats Chocolates!' Tommy Lee Reveals Valentine's Day Engagement to Vine Star Brittany Furlan,real,True,real,True,real,True,both_correct
gossipcop-846669,gossipcop,Melania Trump Switches Up Her Style In A Military-Inspired Ensemble,real,False,real,True,real,True,both_correct
politifact1701,politifact,"Bill Clinton on Rush Limbaugh, His Mistakes, the Supreme Court and Middle East Peace",real,False,fake,False,real,True,multimodal_only_correct
gossipcop-1064799299,gossipcop,Scott Disick Pinches Sofia Richie’s Butt As She Giggles During Date 3 Weeks After Cheating Rumors,fake,False,fake,True,fake,True,both_correct
gossipcop-892998,gossipcop,Aly Raisman Opens Up About Sexual Abuse by USA Gymnastics Doctor Larry Nassar,real,False,real,True,real,True,both_correct
gossipcop-897066,gossipcop,"Happy Birthday, Anna Faris! Looking Back at Her Funniest Movie Scenes Over the Years",real,True,real,True,real,True,both_correct
gossipcop-1992584375,gossipcop,"Gwen Stefani Got Dumped by Blake Shelton Over ""Jealousy and Drama"" (EXCLUSIVE)",fake,False,fake,True,fake,True,both_correct
gossipcop-6448212996,gossipcop,Oops! Savannah Guthrie Apologizes After Accidentally Swearing on the Today Show,fake,True,fake,True,real,False,text_only_correct
gossipcop-1355803177,gossipcop,Bitter Blood! Kim Kardashian In A ‘Jealous Rage’ Over Jennifer Lawrence,fake,True,fake,True,fake,True,both_correct
gossipcop-920789,gossipcop,"Selena Gomez's Transplant: Francia Raisa Talks Transplant, Depression",real,True,fake,False,fake,False,both_wrong
gossipcop-7175308721,gossipcop,Michael Strahan and Sara Haines will co-host a new midday hour of ABC's 'Good Morning America',fake,True,real,False,real,False,both_wrong
gossipcop-901135,gossipcop,Khloe Kardashian Covers Her Baby Bump With Baby Dream for Day 19 of the Kardashian Christmas Card,real,True,fake,False,real,True,multimodal_only_correct
gossipcop-6572998065,gossipcop,Jessica Simpson ‘Diet Or Die’ Crisis,fake,False,fake,True,fake,True,both_correct
gossipcop-3414298648,gossipcop,"Selena Gomez, Justin Bieber Reunited After Her Kidney Transplant",fake,True,fake,True,fake,True,both_correct
gossipcop-8611166284,gossipcop,Jennifer Aniston’s Mother’s Caregiver Writing Tell-All Book To ‘Expose’ Actress,fake,False,fake,True,fake,True,both_correct
gossipcop-1151972925,gossipcop,"Selena Gomez Was Not Pregnant, Did Not Miscarry, Says Rep",fake,False,fake,True,fake,True,both_correct
gossipcop-945738,gossipcop,"Janet Jackson talks 'intense' battle with depression: 'Thankfully, I found my way through'",real,True,real,True,real,True,both_correct
gossipcop-8342414455,gossipcop,Prince Harry and Meghan Markle house-hunting in Cotswolds,fake,True,fake,True,real,False,text_only_correct
gossipcop-895517,gossipcop,"The Platinum Life's Crystal Smith Is Dragging Alycia Bella for ""Clowning"" Asiah Collins' Bestie Blanca",real,True,real,True,real,True,both_correct
gossipcop-913471,gossipcop,Prince Harry and Meghan Markle Pet a Pint-Sized Pony on Royal Visit to Scotland,real,False,fake,False,fake,False,both_wrong
gossipcop-951427,gossipcop,Emmys 2018: Tituss Burgess on Doing ‘Kimmy Schmidt’ for Four Seasons and a Movie (Exclusive),real,True,real,True,real,True,both_correct
politifact7540,politifact,CPAC 2013 - Former Governor Sarah Palin (R-AK),real,False,real,True,real,True,both_correct
gossipcop-1819145958,gossipcop,Sienna Miller on Wikinow,fake,False,real,False,real,False,both_wrong
gossipcop-4323436110,gossipcop,Jessica Simpson opens up about babies and marriage on The Tonight Show with Jay Leno,fake,False,fake,True,fake,True,both_correct
gossipcop-874413,gossipcop,What Up with That,real,False,real,True,real,True,both_correct
politifact5469,politifact,White and Blue Fund ad,real,False,fake,False,fake,False,both_wrong
gossipcop-844069,gossipcop,"James Gunn Opens Up in Lengthy, Heartfelt Message to Fans",real,True,real,True,real,True,both_correct
gossipcop-7636813283,gossipcop,#Dakota Johnson,fake,False,real,False,fake,True,multimodal_only_correct
gossipcop-844510,gossipcop,"Prince Harry: I sought counselling after 20 years of not thinking about the death of my mother, Diana, and two years of total chaos in my life",real,False,real,True,real,True,both_correct
gossipcop-2254004589,gossipcop,Kris Jenner,fake,False,fake,True,fake,True,both_correct
gossipcop-876452,gossipcop,"Botched Patient Lauren Has PTSD From Being Awake During a Bad Nose Job: ""I Remember the Whole Thing""",real,True,real,True,real,True,both_correct
politifact14236,politifact,"Nancy Pelosi Suffers Breakdown, Taken From Capitol Hill On A Stretcher",fake,True,real,False,real,False,both_wrong
gossipcop-857835,gossipcop,House of Cards (season 6),real,False,real,True,real,True,both_correct
gossipcop-5339295288,gossipcop,How Ben Affleck Got Big For Batman v Superman,fake,False,fake,True,fake,True,both_correct
gossipcop-2841919245,gossipcop,How Blake Shelton's Devastating Divorce From Miranda Lambert Led Him to True Love With Gwen Stefani,fake,True,fake,True,fake,True,both_correct
gossipcop-911606,gossipcop,Is Maroon 5 playing the Super Bowl halftime show? It looks like it.,real,True,real,True,real,True,both_correct
gossipcop-3799929008,gossipcop,Craig Robinson Drops 50 Pounds,fake,True,real,False,real,False,both_wrong
gossipcop-890423,gossipcop,Dermatologists' top tips for relieving dry skin,real,True,real,True,real,True,both_correct
gossipcop-1500928748,gossipcop,Why Did Blake Shelton Make Gwen Stefani Cry?,fake,False,fake,True,fake,True,both_correct
politifact466,politifact,Hillary Clinton Sits Down With Bill OReilly,real,False,fake,False,real,True,multimodal_only_correct
gossipcop-937251,gossipcop,"Frogmore House, Windsor Castle and More of the World's Most Lavish Castles",real,False,real,True,real,True,both_correct
gossipcop-906329,gossipcop,"Kim Zolciak-Biermann and Kandi Burruss Get Into Sexually Explicit, Expletive-Filled Twitter War",real,False,real,True,real,True,both_correct
gossipcop-872847,gossipcop,Define Dog days at Dictionary.com,real,False,real,True,real,True,both_correct
gossipcop-870324,gossipcop,"John Mayer Defends Justin Bieber For Canceling 'Purpose' Tour, Proves They're BFFs",real,True,fake,False,fake,False,both_wrong
gossipcop-6953149122,gossipcop,Angelina Jolie Begs Tom Ford For Help Resurrecting Her Career,fake,True,fake,True,fake,True,both_correct
gossipcop-1039751251,gossipcop,Jessica Alba Put Baby On Board To Save Marriage,fake,False,fake,True,fake,True,both_correct
gossipcop-876955,gossipcop,How Princess Diana aggravated but also changed the royal family forever,real,True,real,True,real,True,both_correct
gossipcop-3156785282,gossipcop,Tabloid: Kristen Stewart Pregnant with Robert Pattinson's Baby,fake,False,fake,True,fake,True,both_correct
gossipcop-789623646,gossipcop,Priyanka Chopra not attending Oscars 2017 with Mick Jagger? That’s what the Rolling Stones singer hinted at,fake,False,real,False,real,False,both_wrong
gossipcop-5494601224,gossipcop,Judge Dismisses DJ David Mueller’s Case Against Taylor Swift,fake,True,fake,True,real,False,text_only_correct
gossipcop-9579629481,gossipcop,"Robert Pattinson, FKA twigs reportedly call off wedding",fake,True,fake,True,fake,True,both_correct
gossipcop-937336,gossipcop,"Meghan Markle, Prince Harry’s Wedding: Biggest Royal Stories of 2018",real,True,fake,False,real,True,multimodal_only_correct
gossipcop-6122226398,gossipcop,Kristen Stewart's Gay Rumor; Tila Tequila's Suicide Stunt,fake,True,fake,True,fake,True,both_correct
gossipcop-954116,gossipcop,R. Kelly addresses sexual assault allegations in 19-minute song 'I Admit',real,True,real,True,real,True,both_correct
gossipcop-3529226336,gossipcop,Paris Jackson Strips Down To Play Cards,fake,False,fake,True,real,False,text_only_correct
gossipcop-953353,gossipcop,Jennifer Garner’s Airport Style Is Equal Parts Comfortable & Sleek,real,True,real,True,real,True,both_correct
gossipcop-938814,gossipcop,Harvey Weinstein scandal: Who has accused him of what?,real,True,real,True,real,True,both_correct
gossipcop-3824818320,gossipcop,"Celebrities React: NFL Players Kneel, Lock Arms During National Anthem",fake,False,fake,True,fake,True,both_correct
gossipcop-944810,gossipcop,Kristen Bell Recalls Dax Shepard Lettuce Slug Incident and Talks Father's Day Plans – Heat Celeb News,real,False,fake,False,fake,False,both_wrong
gossipcop-859536,gossipcop,MTV 'Road Rules' Star Danny Dias Dead At 34,real,False,real,True,real,True,both_correct
politifact414,politifact,Average cable TV bill cited in article on industry study,real,False,real,True,real,True,both_correct
gossipcop-406996664,gossipcop,Celebrities say goodbye to Barack Obama after farewell address,fake,True,fake,True,real,False,text_only_correct
gossipcop-911270,gossipcop,Lin-Manuel Miranda and Wife Vanessa Welcome Son Francisco,real,True,real,True,real,True,both_correct
politifact1047,politifact,TG-162: Treasury Announces $68 Billion in Expected CPP Repayments,real,False,real,True,real,True,both_correct
gossipcop-5173208358,gossipcop,‘Big Bang Theory’: Drama Behind The Scenes Not Causing Show To ‘Fall Apart’ [Debunked],fake,False,real,False,real,False,both_wrong
gossipcop-4117140885,gossipcop,Justin Theroux and Aubrey Plaza: Intriguing New Couple Alert? – Wireler,fake,False,fake,True,real,False,text_only_correct
gossipcop-920390,gossipcop,Get Megan Morrison's A-List Style With a Weekly Breakdown of Her Most Trendy Looks From Season Two of The Arrangement,real,False,real,True,real,True,both_correct
gossipcop-8530020915,gossipcop,Selena Gomez Debuted A New Look on the AMA Red Carpet and Fans Are 'Shook',fake,True,real,False,real,False,both_wrong
gossipcop-1328152817,gossipcop,Is Kendall Jenner really at war with Emily Ratajkowski?,fake,True,fake,True,fake,True,both_correct
gossipcop-8373466783,gossipcop,Taylor Swift Wants To Reconcile Her Romance With Ex-Boyfriend Conor Kennedy After Rumored Drake Romance?,fake,False,fake,True,fake,True,both_correct
gossipcop-9074676563,gossipcop,Beyonce & JAY-Z Had No Idea Raising Twins Would Be So Tough: Is It Hurting Their Relationship?,fake,False,fake,True,fake,True,both_correct
politifact8737,politifact,Job Openings and Labor Turnover Survey News Release,real,False,real,True,real,True,both_correct
gossipcop-6424240423,gossipcop,Jennifer Aniston & Brad Pitt Secret Rumored Meetings Driving Angelina Jolie Insane With Jealousy,fake,True,fake,True,fake,True,both_correct
gossipcop-872744,gossipcop,Selena Gomez's ex Zedd speaks out about the worst part of dating the superstar: 'I was pissed',real,True,fake,False,fake,False,both_wrong
gossipcop-871980,gossipcop,Ryan Seacrest on Girlfriend Shayna Taylor: 'Every Night is Date Night!',real,False,real,True,real,True,both_correct
gossipcop-6787508508,gossipcop,Is there a Britney Spears Sex Tape?,fake,False,fake,True,fake,True,both_correct
gossipcop-893473,gossipcop,4 Beauty Hacks to Use Concealer for Face Contouring,real,False,real,True,real,True,both_correct
gossipcop-918600,gossipcop,Khloe Kardashian Reveals the Body Part She Wants Her Daughter to Inherit,real,True,real,True,real,True,both_correct
gossipcop-911289,gossipcop,E! Cancels Scripted Series 'The Arrangement' After Two Seasons,real,True,real,True,real,True,both_correct
gossipcop-8089990200,gossipcop,US report: Jennifer Aniston pregnant with Brad Pitt's baby,fake,False,fake,True,fake,True,both_correct
gossipcop-1120099314,gossipcop,Are Gwen Stefani & Blake Shelton Engaged In 2017? The Couple Has Been Going Strong For Years,fake,True,fake,True,fake,True,both_correct
gossipcop-1329261407,gossipcop,Nicole Kidman: a stay at home Sunday girl,fake,True,fake,True,real,False,text_only_correct
politifact15175,politifact,REP. JENKINS: OPIOID CRISIS FUNDING SHOULD BE BASED ON NEED,real,False,real,True,real,True,both_correct
gossipcop-876862,gossipcop,Ronda Rousey’s Makeup Artist Explains How to Achieve Her Wedding Day Beauty Look,real,True,real,True,real,True,both_correct
gossipcop-7064865875,gossipcop,Irish actress Ruth Negga to see her Hollywood star status SOAR,fake,True,real,False,real,False,both_wrong
gossipcop-1999241035,gossipcop,Connecting People Through News,fake,False,fake,True,fake,True,both_correct
politifact14238,politifact,Cannibals Arrested in Florida Claim Eating Human Flesh Cures Diabetes and Depression,fake,True,real,False,real,False,both_wrong
gossipcop-874803,gossipcop,"Amal Clooney Shines in a Sheer, Sequined Green Dress",real,True,real,True,real,True,both_correct
gossipcop-2375563556,gossipcop,"Brad Pitt Getting His Kids For Christmas: His 6 Trees, Fun Gifts & More",fake,False,fake,True,fake,True,both_correct
gossipcop-899972,gossipcop,27 Shows You Can Binge Watch Over the Thanksgiving Holiday (Photos),real,True,real,True,real,True,both_correct
gossipcop-817991122,gossipcop,Billy Connolly,fake,False,real,False,real,False,both_wrong
gossipcop-6445971890,gossipcop,Celebrities React  Anthony Rapp Reveals Kevin Spacey Made Sexual Advance On Him At 14,fake,False,fake,True,real,False,text_only_correct
gossipcop-1897931921,gossipcop,Meghan Markle's Brother Blasts Her in Interview,fake,True,fake,True,fake,True,both_correct
gossipcop-865890,gossipcop,Niall Horan Announces 2018 North American Tour With Maren Morris,real,True,real,True,real,True,both_correct
politifact679,politifact,"Palin: Pioneer, maverick -- and now game-changer",real,False,real,True,real,True,both_correct
politifact12944,politifact,comments in Fayetteville NC,real,False,real,True,real,True,both_correct
gossipcop-7469467549,gossipcop,Barbara Cook Dead: Broadway Mourns The Passing Of A Legend — See Tweets,fake,False,fake,True,fake,True,both_correct
gossipcop-3507938806,gossipcop,Donald Trump Jr. releases email exchange: Celebrities on Twitter react,fake,True,fake,True,fake,True,both_correct
gossipcop-900152,gossipcop,Reason Meghan and Harry were 'forbidden' from staying with Queen last Christmas,real,True,real,True,real,True,both_correct
gossipcop-940533,gossipcop,Princess Eugenie’s Royal Wedding: Everything We Know So Far,real,True,real,True,real,True,both_correct
gossipcop-9796099387,gossipcop,Katharine McPhee Jane Doe Jane Doe,fake,False,real,False,real,False,both_wrong
gossipcop-4537850377,gossipcop,Twitter Is Ready To Cancel Chris Rock Over This Reported Rape Joke,fake,True,real,False,real,False,both_wrong
politifact320,politifact,Web Ad A Tale of Two Mitts,real,False,real,True,real,True,both_correct
gossipcop-955339,gossipcop,Selena Gomez Opens Up About the First Time She Met Taylor Swift,real,True,real,True,real,True,both_correct
gossipcop-938295,gossipcop,"The life and career of Bethenny Frankel, a reality TV star and businesswoman who sold her company for $100 million",real,True,real,True,real,True,both_correct
gossipcop-6837118897,gossipcop,Justin Bieber & Selena Gomez Reportedly Searching For ‘Dream Home’ Together,fake,False,fake,True,fake,True,both_correct
gossipcop-902496,gossipcop,Jay-Z's 'Family Feud' Video Teaser Shows Him And Beyonce In A Confessional Box,real,False,fake,False,fake,False,both_wrong
gossipcop-868894,gossipcop,4 New Netflix Releases to Stream in August,real,False,real,True,real,True,both_correct
gossipcop-866804,gossipcop,Kim Kardashian Snapchat Takes Taylor Swift Feud to New Level,real,False,fake,False,fake,False,both_wrong
gossipcop-2161763691,gossipcop,Brad Pitt — Ethnicity of Celebs,fake,True,fake,True,fake,True,both_correct
gossipcop-389657314,gossipcop,Jennifer Lopez NOT Engaged To Alex Rodriguez  Despite Ring Speculation,fake,False,fake,True,fake,True,both_correct
gossipcop-894298,gossipcop,Rapper Lil Peep Dies at 21—and His Ex Bella Thorne Is Speechless,real,True,real,True,real,True,both_correct
gossipcop-774720769,gossipcop,Jay-Z's '4:44 Tour' Proves The GOAT Is Still The Greatest,fake,True,real,False,real,False,both_wrong
gossipcop-912190,gossipcop,How Much It Costs to Show at New York Fashion Week,real,False,real,True,real,True,both_correct
gossipcop-9737723367,gossipcop,Russell Crowe reveals he's lost 24 kgs after gaining weight for The Nice Guys role,fake,True,real,False,real,False,both_wrong
gossipcop-920312,gossipcop,Tom Brady eats his 1st strawberry and chugs a beer with Stephen Colbert,real,True,real,True,real,True,both_correct
gossipcop-872301,gossipcop,Disney to end Netflix deal and launch its own streaming service,real,True,real,True,real,True,both_correct
gossipcop-869138,gossipcop,Saturday Savings: Olivia Munn’s Shearling Jacket Is Now Only $50!,real,True,real,True,real,True,both_correct
gossipcop-3874323665,gossipcop,All Justin Bieber Wants Is to Get Back Together With Selena Gomez,fake,True,fake,True,fake,True,both_correct
gossipcop-5012694464,gossipcop,A-Rod Is Lying! See The Proof He Booked A Sex Date With His Mistress Months Ago,fake,True,real,False,real,False,both_wrong
gossipcop-7522847934,gossipcop,"Julia Roberts and Danny Moder's Marriage Is ""Hanging by a Thread"" — Will They Divorce?",fake,False,fake,True,fake,True,both_correct
gossipcop-3921010618,gossipcop,Liam Hemsworth Supports Miley Cyrus At ‘The Voice’ But Makes Sure She Has The Spotlight,fake,False,fake,True,fake,True,both_correct
gossipcop-857120,gossipcop,Gigi Hadid and Lily Collins Just Wore the Same Pair of Jeans,real,True,fake,False,fake,False,both_wrong
gossipcop-907647,gossipcop,Grammy Award records,real,False,real,True,real,True,both_correct
gossipcop-847395,gossipcop,A Subject of Obsession: Making Casting JonBenet,real,False,real,True,real,True,both_correct
gossipcop-933747,gossipcop,NBC Investigation Finds No Wrongdoing in Handling of Matt Lauer Case,real,False,real,True,real,True,both_correct
gossipcop-852370,gossipcop,Chad Michael Murray Shares First Image of Baby Daughter in Touching Mother's Day Tribute to Wife Sarah Roemer,real,True,real,True,real,True,both_correct
gossipcop-873497,gossipcop,22 Things We Learned From Selena Gomez’s Twitter Q&A,real,False,real,True,real,True,both_correct
gossipcop-901866,gossipcop,Jennifer Lawrence and Darren Aronofsky Spotted Together One Month After Split,real,True,fake,False,fake,False,both_wrong
gossipcop-931846,gossipcop,Rihanna at the Met Gala: See All Of Her Red Carpet Looks,real,True,real,True,real,True,both_correct
gossipcop-8397403501,gossipcop,Angelina Jolie & Sean Penn Talking ‘A Lot’ Claims Source — He Thinks She’s ‘Amazing & Stunningly Beautiful’,fake,False,fake,True,fake,True,both_correct
gossipcop-8393658999,gossipcop,Bradley Cooper,fake,True,real,False,real,False,both_wrong
gossipcop-6259225104,gossipcop,Here's Why You Won't See Ashton Kutcher's Kids Online,fake,False,real,False,real,False,both_wrong
gossipcop-892779,gossipcop,Three More Women Accuse Jeremy Piven of Sexual Misconduct,real,True,real,True,real,True,both_correct
gossipcop-857292,gossipcop,The Love Actually sequel finally aired last night,real,True,real,True,real,True,both_correct
gossipcop-1999047183,gossipcop,Paris Jackson is favourite to play Madonna in film biopic,fake,True,fake,True,real,False,text_only_correct
gossipcop-907442,gossipcop,Watch Your First Look at The Real Housewives of Atlanta Season 11,real,False,real,True,real,True,both_correct
gossipcop-918704,gossipcop,Former 'Bachelor' Ben Higgins Explains Where Arie Went Wrong,real,True,real,True,real,True,both_correct
gossipcop-523091866,gossipcop,Selena Gomez May Have Sent a Secret Message to Justin Bieber in Her Latest Instagram,fake,True,fake,True,fake,True,both_correct
gossipcop-5140313352,gossipcop,Jada Pinkett Smith reveals she's losing her hair: 'I was literally shaking with fear',fake,True,real,False,real,False,both_wrong
gossipcop-946022,gossipcop,Demi Lovato Sings About Breaking Sobriety in Her Emotional New Song ‘Sober’,real,True,real,True,real,True,both_correct
politifact13467,politifact,Mental Images,fake,False,real,False,real,False,both_wrong
gossipcop-4034085270,gossipcop,John Stamos Talks About Wife Caitlin's '20 Minute' Childbirth,fake,True,real,False,real,False,both_wrong
gossipcop-904849,gossipcop,The Weeknd Cuts Ties With H&M Over Racially Insensitive Sweatshirt,real,False,real,True,fake,False,text_only_correct
gossipcop-929180,gossipcop,Here's What Happens When You Have a Baby at the Same Time and Place as Kate Middleton,real,True,fake,False,real,True,multimodal_only_correct
gossipcop-4867710974,gossipcop,Maks Chmerkovskiy Returns to Dancing with the Stars After Skipping Last Week Due to 'Personal Issue',fake,True,real,False,real,False,both_wrong
gossipcop-5349004367,gossipcop,Selena Gomez ‘Not Looking’ To Compete With Justin Bieber In Finding A Rebound Romance,fake,False,fake,True,fake,True,both_correct
gossipcop-328760913,gossipcop,"Kourtney Kardashian, Younes Bendjima never had a baby, despite the report nine months ago",fake,True,fake,True,fake,True,both_correct
gossipcop-7152128232,gossipcop,Star: Nicole Kidman asks waiters to only bring her half of the meals she orders,fake,True,fake,True,fake,True,both_correct
gossipcop-314846913,gossipcop,Kendall Jenner Is the Only Family Member Who Knew About Kylie's Wedding to Travis Scott (EXCLUSIVE),fake,True,fake,True,fake,True,both_correct
gossipcop-906490,gossipcop,Brittany Cartwright on Trusting Jax Taylor After Cheating Scandal,real,True,real,True,real,True,both_correct
gossipcop-5358813438,gossipcop,"Alec, Hilaria Baldwin Introduce Baby Son Rafael: See the First Photos!",fake,True,real,False,real,False,both_wrong
gossipcop-898032,gossipcop,Kourtney Kardashian Gets Prodded by Sisters About Her Relationship Status With Younes Bendjima -- Watch!,real,True,real,True,real,True,both_correct
politifact3527,politifact,'This Week' Transcript: Gen. Jim Jones (Ret.),real,False,real,True,real,True,both_correct
gossipcop-7302050641,gossipcop,Academy Book Reference,fake,False,real,False,real,False,both_wrong
gossipcop-5273927563,gossipcop,"Khloé Kardashian Is ""Begging"" for Tristan Thompson to Put a Ring on It Before Their Baby Comes (REPORT)",fake,False,fake,True,fake,True,both_correct
politifact15270,politifact,Obama Announces Bid To Become UN Secretary General – Usa News,fake,False,fake,True,fake,True,both_correct
gossipcop-886680,gossipcop,Jessie James Decker's Pregnancy Cravings Are All Over The Map With Baby No. 3,real,True,fake,False,real,True,multimodal_only_correct
gossipcop-927020,gossipcop,Kaia Gerber Makes Your Dad’s Favorite Vacation Shirt Look Chic,real,False,real,True,real,True,both_correct
gossipcop-5105818942,gossipcop,Kourtney Kardashian Pregnant With Baby 4,fake,False,fake,True,fake,True,both_correct
gossipcop-5828892457,gossipcop,Kendall & Kylie Jenner: Why They’re Urging Caitlyn Not To Do Nude Pictorial,fake,False,fake,True,fake,True,both_correct
gossipcop-933839,gossipcop,Teen Mom Star Amber Portwood Shares Photo of 'Beautiful Baby James',real,True,real,True,real,True,both_correct
politifact14576,politifact,Washington State Legislature votes to change its name because George Washington owned Slaves,fake,False,fake,True,fake,True,both_correct
gossipcop-2488404802,gossipcop,"Brad Pitt won’t allow kids to act with Angelina Jolie in ‘Maleficent’ sequel, according to report",fake,True,fake,True,fake,True,both_correct
gossipcop-871934,gossipcop,"Tori and Dean: 11 Years, 5 Kids and All the Ups and Downs In Between",real,True,real,True,real,True,both_correct
gossipcop-6982132348,gossipcop,Chris Pratt Cover Story: From Dadbod Sidekick to Rock-Hard Hero,fake,True,fake,True,real,False,text_only_correct
gossipcop-902227,gossipcop,Ryan Phillippe shows off insanely chiseled bod shirtless in the snow,real,False,real,True,fake,False,text_only_correct
gossipcop-886393,gossipcop,What You Need to Know About Gigi Hadid’s New Makeup Line With Maybelline,real,True,real,True,real,True,both_correct
gossipcop-898646,gossipcop,This Is the Only Christmas Gift Guide You’ll Need,real,False,real,True,real,True,both_correct
gossipcop-4328256070,gossipcop,Britney Spears and Sam Asghari would 'love to have a baby',fake,True,fake,True,fake,True,both_correct
politifact1013,politifact,U.S. Senate: U.S. Senate Roll Call Votes 111th Congress,real,False,real,True,real,True,both_correct
gossipcop-888112,gossipcop,"Meet Ines Rau, Playboy's First Transgender Playmate",real,True,real,True,real,True,both_correct
gossipcop-887656,gossipcop,"Every season of American Horror Story so far, ranked",real,True,real,True,real,True,both_correct
gossipcop-3476895867,gossipcop,"Katy Perry Recounts Christian Past at HRC Gala, Talks Conversion Therapy and Praying Gay Away: 'People Can Change -- Believe Me'",fake,True,fake,True,fake,True,both_correct
politifact15241,politifact,All Citizens Who Want to Receive Gvt Benefits Must Agree to Be Microchipped in the Near Future,fake,False,real,False,real,False,both_wrong
politifact15048,politifact,Trump Declares Globalist Soros As “National Security Threat”…Using Obama’s 2014 Executive Order,fake,False,real,False,real,False,both_wrong
gossipcop-8916783957,gossipcop,Serena Williams: John McEnroe believes she would struggle on men's circuit,fake,True,real,False,real,False,both_wrong
gossipcop-889590,gossipcop,Latin American Music Awards of 2017,real,False,real,True,real,True,both_correct
gossipcop-3780210928,gossipcop,Kylie Jenner sneers that 'everyone is jealous' of her post baby body after being slammed for promoting 'dangerous' waist trainers,fake,True,real,False,real,False,both_wrong
gossipcop-912993,gossipcop,"Why Kim Kardashian, Khloé Kardashian & Kylie Jenner Use Snapchat Filters on Their Babies' Faces",real,True,fake,False,fake,False,both_wrong
politifact14860,politifact,LAW PASSED: All Child Support in the United States Will End by Beginning of 2018,fake,False,real,False,real,False,both_wrong
gossipcop-914454,gossipcop,Kate Middleton Hopes to Preserve 'Appreciating Childhood' With New Victorian Photography Exhibit,real,True,fake,False,real,True,multimodal_only_correct
gossipcop-885981,gossipcop,Darker: Fifty Shades Darker as Told by Christian (Fifty Shades of Grey Series): E L James: 9780385543910: Amazon.com: Books,real,False,real,True,real,True,both_correct
gossipcop-4394027963,gossipcop,Pregnant Kourtney Kardashian Hangs out With Justin Bieber Amid Baby Daddy Drama,fake,False,fake,True,fake,True,both_correct
gossipcop-878914,gossipcop,"Ashley Nicole's Future Mother-in-Law Is Shocked by Her Expensive Wedding Taste on WAGS Miami: ''$110,000 Just for the Flowers?''",real,False,real,True,real,True,both_correct
gossipcop-9411510997,gossipcop,"Tristan Thompson Dumps Khloé Kardashian Following Blowup Fight — Is the ""Kardashian Curse"" to Blame? (EXCLUSIVE)",fake,True,fake,True,fake,True,both_correct
gossipcop-870882,gossipcop,"CW Orders Charmed Reboot, Vampire Diaries Spinoff, & More",real,True,real,True,real,True,both_correct
politifact52,politifact,Interest Group Ratings,real,True,real,True,real,True,both_correct
gossipcop-889655,gossipcop,Elsa Hosk and Josephine Skriver shimmer in metallic frocks for the Victoria's Secret viewing party,real,True,fake,False,real,True,multimodal_only_correct
gossipcop-8068302468,gossipcop,Naomi Watts  Liam Neeson Dating  Report,fake,False,fake,True,fake,True,both_correct
politifact7489,politifact,Debbie Wasserman Schultz on Twitter,real,False,real,True,real,True,both_correct
politifact128,politifact,2007 Federal Tax Rate Schedules,real,False,real,True,real,True,both_correct
gossipcop-948028,gossipcop,The age of Aquaria! Fans congratulate winner of RuPaul’s Drag Race season 10,real,False,real,True,real,True,both_correct
gossipcop-848196,gossipcop,"Katy Perry, Jennifer Lopez Join James Corden's 'Carpool Karaoke' Primetime Special",real,True,fake,False,fake,False,both_wrong
gossipcop-952154,gossipcop,What celebrity has won the Wimbledon Style Game this year? Vote for the most stylish star now! on People's Choice Awards,real,False,real,True,real,True,both_correct
gossipcop-841721,gossipcop,Nikki Bella Already Knows Exactly What She Wants Her Wedding Dress to Look Like,real,True,real,True,real,True,both_correct
politifact3919,politifact,Rule by Rentiers,real,False,real,True,real,True,both_correct
gossipcop-8266119280,gossipcop,Kim Kardashian and Kylie Jenner Are Twinning In Los Angeles,fake,True,fake,True,fake,True,both_correct
gossipcop-941218,gossipcop,9 Unforgettable 'Legally Blonde' Quotes in Honor of Third Film,real,True,real,True,real,True,both_correct
gossipcop-846028,gossipcop,Oops! The Arrangement's Megan Morrison Learns Kyle West's PR Team Is Spreading Tabloid Rumors About Their Relationship,real,False,fake,False,fake,False,both_wrong
gossipcop-3941312971,gossipcop,Lindsay Lohan went full-on Mischa Barton with tribute to terrorism victims,fake,True,real,False,real,False,both_wrong
gossipcop-8910224421,gossipcop,Celebrities Slam Donald Trump Over Mika Brzezinski Facelift Tweet,fake,True,fake,True,fake,True,both_correct
gossipcop-3364701700,gossipcop,Are George & Amal Clooney Pregnant With Baby #3 Less Than A Year After Twins’ Birth?,fake,True,fake,True,fake,True,both_correct
gossipcop-5713918011,gossipcop,Justin Theroux Speaks Out On Brangelina's Divorce,fake,False,fake,True,fake,True,both_correct
gossipcop-4363700284,gossipcop,Jennifer Garner Told 'She Can Do Better' Amid Reports She & Ben Affleck Are 'Spending Nights Together',fake,False,fake,True,fake,True,both_correct
gossipcop-951956357,gossipcop,Ryan Gosling & Eva Mendes Reportedly Expecting Twins — A Boy & A Girl,fake,True,real,False,real,False,both_wrong
gossipcop-893625,gossipcop,Trading Spaces' Paige Davis Talks TLC Revival and That Haircut 10 Years Later,real,False,real,True,real,True,both_correct
gossipcop-7445112152,gossipcop,"Cameron Diaz, Jim Carrey ditch reunion movie plans",fake,True,fake,True,fake,True,both_correct
gossipcop-893803,gossipcop,Things Are Getting Dramatic Between Shantel and La’Myia on The Platinum Life,real,False,real,True,real,True,both_correct
gossipcop-861083,gossipcop,Kim Kardashian says she wants to give North a normal life as she poses as Jackie Kennedy for mother-daughter shoot,real,True,real,True,real,True,both_correct
gossipcop-873517,gossipcop,The Final Post-It Note Message During Taylor Swift’s Trial Speaks Louder Than Words,real,False,real,True,real,True,both_correct
gossipcop-869522289,gossipcop,Selena Gomez & Justin Bieber: A Timeline of Their Relationship,fake,True,fake,True,fake,True,both_correct
gossipcop-1505670647,gossipcop,Kendall Jenner Can't Help But Make The KUWTK Cameramen Cry,fake,True,real,False,real,False,both_wrong
gossipcop-2123350375,gossipcop,Miley Cyrus Asks Her Dad to Be ‘The Voice’ Advisor,fake,True,fake,True,fake,True,both_correct
gossipcop-874947,gossipcop,Aly and AJ Michalka Opened Up About Their 10-Year Break From Music,real,True,real,True,real,True,both_correct
gossipcop-1227116639,gossipcop,Kendall Jenner Blake Griffin Clash,fake,False,fake,True,fake,True,both_correct
politifact15532,politifact,MEXICO’S NEXT PRESIDENT Calls for An Invasion Of The US….,fake,False,real,False,real,False,both_wrong
gossipcop-940127,gossipcop,I Think About This a Lot: Sex and the City Edition,real,True,real,True,real,True,both_correct
gossipcop-892800,gossipcop,All the Times We Related to Bosun the Frenchie,real,False,real,True,real,True,both_correct
gossipcop-5106207150,gossipcop,"Gwen Stefani and Blake Shelton Put Baby, Wedding Plans on Hold",fake,True,fake,True,fake,True,both_correct
gossipcop-5369652307,gossipcop,Celebrities React to Chuck Berry’s Death: ‘Hail to the King of Rock’ – Variety,fake,True,fake,True,fake,True,both_correct
gossipcop-6630473431,gossipcop,Jessica Biel Was Shocked By the Pressure to Lose Weight After Giving Birth,fake,True,real,False,real,False,both_wrong
gossipcop-2656814899,gossipcop,Met Gala 2018: Madonna snacks while getting glammed up,fake,True,real,False,real,False,both_wrong
gossipcop-888418,gossipcop,Evening Standard sorry for airbrushing out Solange Knowles' braids,real,True,real,True,real,True,both_correct
gossipcop-927355,gossipcop,"Adam Rippon dominates 'DWTS,' Mirai Nagasu goes home, Tonya Harding makes the finals",real,False,real,True,real,True,both_correct
gossipcop-882904,gossipcop,Kim Kardashian says she would feel ‘safe’ in Paris following her 2016 robbery,real,False,fake,False,real,True,multimodal_only_correct
gossipcop-887123,gossipcop,Fifth Harmony’s Normani Kordei handles falling on stage like a BOSS,real,False,real,True,real,True,both_correct
gossipcop-8503499623,gossipcop,What Is Sandra Bullock's Net Worth?,fake,False,real,False,fake,True,multimodal_only_correct
politifact14835,politifact,Facebook Picks Sides in Alabama Senate Race=> Shuts Down Gateway Pundit and Breitbart Reports on Discredited Allred Accuser,fake,False,fake,True,real,False,text_only_correct
gossipcop-9668863370,gossipcop,Kylie Jenner Jenner Kris Life Of Kylie,fake,False,fake,True,fake,True,both_correct
gossipcop-4120648393,gossipcop,Rihanna Has Been On And Off With Hassan Jameel For Two Years — Surprising Revelations Mean It Is Over For Chris Brown,fake,True,fake,True,fake,True,both_correct
gossipcop-905535,gossipcop,George and Amal Clooney Send the Sweetest Note After Theater Date Night,real,True,fake,False,real,True,multimodal_only_correct
gossipcop-4174267720,gossipcop,Inside Jennifer Aniston and Justin Theroux's $240 Million Empire,fake,True,fake,True,fake,True,both_correct
gossipcop-1452761710,gossipcop,"Beyoncé and Husband JAY-Z Experienced a Difficult Delivery During the Birth of Their Twins: ""There Was a Lot of Drama"" (EXCLUSIVE)",fake,False,fake,True,fake,True,both_correct
gossipcop-1500371630,gossipcop,The Examined Life of Angelina Jolie Pitt,fake,False,fake,True,fake,True,both_correct
politifact683,politifact,Interview with Rudy Giuliani,real,False,real,True,real,True,both_correct
gossipcop-866505,gossipcop,Lyla Garrity,real,False,real,True,real,True,both_correct
gossipcop-1544238959,gossipcop,Kanye West Reportedly Refuses To Change Chicago’s Diapers & Kim Is Furious With Him,fake,True,fake,True,fake,True,both_correct
gossipcop-876079,gossipcop,Lady Gaga Nude Photo: Hot or Not? (NSFW),real,True,fake,False,fake,False,both_wrong
gossipcop-890962,gossipcop,Kelly Clarkson Got ‘Very Drunk’ at the Premiere of Her Bad Movie,real,False,real,True,real,True,both_correct
gossipcop-888973,gossipcop,Chris Evans and Jenny Slate Spark Rumors of Reconciliation Through Twitter Exchange,real,False,fake,False,fake,False,both_wrong
politifact4177,politifact,Library of Congress,real,False,real,True,real,True,both_correct
gossipcop-893365,gossipcop,Zayn Malik And Gigi Hadid Are Celebrating Their Two Year Anniversary And Love Is Alive,real,False,real,True,fake,False,text_only_correct
gossipcop-895272,gossipcop,"Eight women say Charlie Rose sexually harassed them — with nudity, groping and lewd calls",real,False,real,True,real,True,both_correct
gossipcop-4254023340,gossipcop,Hoda Kotb & Savannah Guthrie’s New Feud On ‘Today’ Set,fake,False,fake,True,fake,True,both_correct
gossipcop-1641350619,gossipcop,Did Katy Perry & Orlando Bloom Elope In Prague? Friends Reportedly Buzzing That They’re Married,fake,True,fake,True,fake,True,both_correct
politifact15645,politifact,WATCH LIVE: Tim Kaine and Corey Stewart meet for first U.S. Senate debate in Virginia,real,True,real,True,real,True,both_correct
gossipcop-4661831377,gossipcop,"Angelina Jolie reveals Bell's Palsy diagnosis, breaks silence on divorce from Brad Pitt",fake,False,fake,True,fake,True,both_correct
gossipcop-8373962867,gossipcop,Keeping Up with the Kardashians,fake,False,fake,True,real,False,text_only_correct
gossipcop-9972962159,gossipcop,What I learnt from Binge Watching Keeping Up With The Kardashians,fake,False,fake,True,real,False,text_only_correct
gossipcop-4835208673,gossipcop,Nathan Zellner - News,fake,False,real,False,real,False,both_wrong
gossipcop-931235,gossipcop,Prince Harry and Meghan Markle Will Be Neighbors with Prince William and Kate Middleton,real,True,fake,False,fake,False,both_wrong
gossipcop-9637093116,gossipcop,Fan Sues Gwen Stefani & Live Nation for Stampede That Left Her With a Broken Leg,fake,True,fake,True,fake,True,both_correct
gossipcop-859454,gossipcop,Jessie James Decker Proudly Supports ‘’Bad Ass’’ Hubby Eric Decker After He Parts Ways With Jets,real,True,real,True,real,True,both_correct
gossipcop-927405,gossipcop,Kim Kardashian Attends 20-Year High School Reunion: Photos,real,True,real,True,real,True,both_correct
gossipcop-3564327541,gossipcop,"Angelina Jolie's Unhealthy Eating, Sleeping Habits Not True, Report Says",fake,True,fake,True,fake,True,both_correct
gossipcop-909459,gossipcop,SEE IT: Reese Witherspoon and Oprah appear to have extra limbs thanks to Vanity Fair Photoshop fail,real,True,real,True,real,True,both_correct
gossipcop-920683,gossipcop,Songstress Taylor Swift Hires Second Gay Porn Star for a Music Video: Details,real,False,real,True,real,True,both_correct
politifact516,politifact,McCain Campaigns In Nashville,real,False,real,True,real,True,both_correct
politifact14417,politifact,"BREAKING: Barron Trump Rushed To The Hospital, Hospital Releases Statement On His Condition",fake,False,fake,True,fake,True,both_correct
gossipcop-936101,gossipcop,Ruthie Ann Miles Loses Unborn Baby 2 Months After Car Accident,real,True,real,True,real,True,both_correct
gossipcop-864788,gossipcop,Amber Rose Expresses Her Love for 21 Savage on Instagram,real,False,real,True,real,True,both_correct
gossipcop-1232016858,gossipcop,Are Justin Bieber and Hailey Baldwin Already Married? See Band She's Wearing,fake,True,fake,True,fake,True,both_correct
gossipcop-5081601842,gossipcop,Trouble In Paradise: 15 Reasons Prince Harry And Meghan Markle Won’t Make It Down The Aisle,fake,False,fake,True,fake,True,both_correct
gossipcop-952325,gossipcop,The Bachelor's Bekah Martinez Introduces Her New Boyfriend,real,True,real,True,real,True,both_correct
gossipcop-3631271081,gossipcop,Jessica Simpson Fuels Pregnancy Rumors In Shocking New Photos,fake,True,fake,True,fake,True,both_correct
gossipcop-853672,gossipcop,Bella Hadid and Emily Ratajkowski were twinning on the Cannes red carpet,real,True,real,True,real,True,both_correct
gossipcop-914097,gossipcop,"Trace Cyrus Releases 'Brenda,' a Break-Up Track Dedicated to Ex Brenda Song - Listen Now!",real,False,real,True,real,True,both_correct
gossipcop-994450447,gossipcop,J.Lo and A-Rod Have More In Common Than You Think,fake,True,real,False,real,False,both_wrong
gossipcop-622245969,gossipcop,"Revenge Facelift! Brad Pitt Has ‘Fillers, Botox & Peels’ In Wake Of Bitter Divorce",fake,True,fake,True,fake,True,both_correct
gossipcop-848864,gossipcop,"The Abbey's Brandi Talks Having a Baby With BFF Lawrence & GF Chloe: ""It's the Gay Version of Three's Company""",real,False,fake,False,fake,False,both_wrong
gossipcop-8851426755,gossipcop,OK  Debunks Jennifer Aniston Pregnancy Rumors After Saying She ’ s Having Brad Pitt ’ s Baby,fake,False,fake,True,fake,True,both_correct
gossipcop-78450242,gossipcop,Are Robert Pattinson & Sienna Miller Dating? Why Friends Could Be Turning Romance — Report,fake,False,fake,True,fake,True,both_correct
gossipcop-917537,gossipcop,Inside Justin Bieber’s Private Birthday Celebration With Family and Friends,real,False,fake,False,fake,False,both_wrong
politifact1177,politifact,Browse Congressional Bills,real,False,real,True,real,True,both_correct
gossipcop-882772,gossipcop,9 drugstore cleansers that celebrities swear by,real,False,fake,False,real,True,multimodal_only_correct
gossipcop-937433,gossipcop,Kelly Clarkson Calls for 'Change' at Billboard Music Awards,real,False,real,True,real,True,both_correct
gossipcop-2118843089,gossipcop,Eva Mendes & Ryan Gosling's Home Is Bursting With Latin Culture & We're Obsessed,fake,True,real,False,real,False,both_wrong
gossipcop-844518,gossipcop,Carmelo Anthony Is All Smiles in First Pics Following La La Anthony Split,real,False,real,True,real,True,both_correct
politifact14311,politifact,10 Things You Didn't Know About Nancy Pelosi,fake,False,real,False,real,False,both_wrong
gossipcop-3946652977,gossipcop,Celebs React to Patriots and Eagles Going to Super Bowl LII,fake,False,fake,True,fake,True,both_correct
gossipcop-3300618073,gossipcop,"Ben Affleck and Lindsay Shookus: friendship, flirtation or more began when he was still married to Jennifer Garner",fake,True,fake,True,fake,True,both_correct
gossipcop-4507016046,gossipcop,25 Shocking Celebrity Weight Changes,fake,False,fake,True,fake,True,both_correct
gossipcop-1014636162,gossipcop,Jessica Simpson Heartbroken Over Missing Dog,fake,False,fake,True,fake,True,both_correct
gossipcop-902485,gossipcop,Paris Hilton calls herself 'Aspen Barbie' on ski vacation,real,True,real,True,real,True,both_correct
gossipcop-266203600,gossipcop,Interlocking G tights,fake,False,real,False,real,False,both_wrong
gossipcop-841740,gossipcop,Mel B’s Sister Slams Abusive Husband Stephen Belafonte – “You Are A Sorry Excuse Of A Man!”,real,False,real,True,fake,False,text_only_correct
politifact14406,politifact,Trump Orders 13 Obama Deep State Operatives Arrested For Treason,fake,False,real,False,real,False,both_wrong
gossipcop-867179,gossipcop,Aaron Carter Arrested For Alleged DUI And Drug Possession In Georgia,real,False,real,True,real,True,both_correct
gossipcop-843450,gossipcop,Will Mama June Maintain Her 300-Pound Weight Loss? Wendy Williams Delivers Her Honest Prediction,real,False,real,True,real,True,both_correct
gossipcop-913196,gossipcop,John Cena Plays His Entire Family (And Slimes and Kisses Himself) for Kids' Choice Awards,real,False,real,True,real,True,both_correct
gossipcop-878408,gossipcop,Police respond to Aaron Carter's home after suicide threat,real,False,real,True,real,True,both_correct
gossipcop-5181890716,gossipcop,Jamie Foxx's Secret Texts With His Ex Are Threatening His Relationship With Katie Holmes (EXCLUSIVE),fake,False,fake,True,fake,True,both_correct
gossipcop-6675497544,gossipcop,Here Is The Truth Weather Jennifer And Brad Buying “Dream Home” Together Or Not! – Alivetales,fake,True,fake,True,fake,True,both_correct
gossipcop-2246616187,gossipcop,"The worst hit song of every year since 2000, from Macklemore to Train (twice)",fake,False,real,False,real,False,both_wrong
gossipcop-884954,gossipcop,Katy Perry Draws Stares In This Outfit After Joining 'American Idol',real,True,fake,False,fake,False,both_wrong
gossipcop-870457,gossipcop,Vicki Gunvalson Reveals How She Felt About Kelly Dodd After The Real Housewives of Orange County Reunion,real,False,real,True,real,True,both_correct
gossipcop-923044,gossipcop,DWTS’ Pros Emma Slater and Sasha Farber’s Wedding Album,real,True,real,True,real,True,both_correct
gossipcop-874619,gossipcop,Emily VanCamp and Josh Bowman adopt a rescue dog,real,False,real,True,fake,False,text_only_correct
gossipcop-5989177922,gossipcop,Catherine Zeta-Jones Is Launching a Lifestyle Brand,fake,False,real,False,real,False,both_wrong
gossipcop-880684,gossipcop,Why Are People Wearing Blue Ribbons At The 2017 Emmy Awards? They Make A Bold Statement,real,True,real,True,real,True,both_correct
gossipcop-3096042623,gossipcop,Angelina Jolie ‘Terrified’ Brad Pitt Will Start Dating Again: She’s ‘Very Jealous’,fake,False,fake,True,fake,True,both_correct
gossipcop-930849,gossipcop,'American Idol': Meet your top 10!,real,True,real,True,real,True,both_correct
gossipcop-896915,gossipcop,Gayle King Reveals the Absolute Best Gift Oprah Winfrey Ever Gave Her,real,False,real,True,real,True,both_correct
politifact13897,politifact,Snoop Dogg Arrested For Conspiracy After Talking About His ‘Murder Trump’ Video,fake,False,real,False,real,False,both_wrong
politifact15309,politifact,BREAKING: Nancy Pelosi To Resign After New Revelations – NRTOnline,fake,False,fake,True,fake,True,both_correct
gossipcop-879076,gossipcop,Rihanna gives a flash of cleavage at NYFW show,real,True,fake,False,real,True,multimodal_only_correct
gossipcop-1414621205,gossipcop,"Jimmy Fallon, James Corden React to Royal Wedding | THR News",fake,True,real,False,real,False,both_wrong
gossipcop-2743556403,gossipcop,Fights over Post-it notes? 'Secret sleepovers' with Brad? Jennifer Aniston's separation leads to bonkers tabloid tales.,fake,True,fake,True,fake,True,both_correct
gossipcop-915959,gossipcop,Jennifer Lawrence Is a Proud Middle-School Dropout,real,True,fake,False,fake,False,both_wrong
gossipcop-908530,gossipcop,Kaia Gerber Debuts the Sock Boot Everyone Will Be Wearing,real,False,real,True,real,True,both_correct
gossipcop-881112,gossipcop,Alicia Vikander Kicks Ass as Lara Croft in New Adventurous Trailer For TOMB RAIDER,real,True,real,True,real,True,both_correct
gossipcop-880326,gossipcop,Francia Raisa opened up about her tough recovery after donating a kidney to BFF Selena Gomez,real,False,fake,False,fake,False,both_wrong
politifact4588,politifact,Rick Perry says he switched to GOP at a younger age than Reagan did,real,False,fake,False,fake,False,both_wrong
gossipcop-953486,gossipcop,Kids' Choice Sports Awards: Full List of Winners,real,True,real,True,real,True,both_correct
gossipcop-736743,gossipcop,Mila Kunis says Ashton Kutcher's marriage to Demi Moore was 'normal',real,True,fake,False,real,True,multimodal_only_correct
gossipcop-3393955263,gossipcop,Gwen Stefani gifts Blake Shelton a flagpole for his birthday,fake,True,fake,True,fake,True,both_correct
gossipcop-852278,gossipcop,"Attention, pippa middleton: luann d'agostino schools us on how to plan a perfectly classy wedding",real,False,real,True,real,True,both_correct
gossipcop-3247050768,gossipcop,Beyonce Is An 'ABSOLUTE DIVA' . . . She Invited EVERYONE To Her Mansion . . . And IGNORED ALL HER GUESTS!!!,fake,False,fake,True,fake,True,both_correct
gossipcop-5638983400,gossipcop,Who would have thought Kylie would be the most successful Kardashian?,fake,True,fake,True,fake,True,both_correct
gossipcop-842971,gossipcop,Kim Richards Has A Savage and Awkward Exchange With Lisa Rinna During Part 2 Of The RHOBH Reunion! - The Real Housewives,real,False,real,True,real,True,both_correct
gossipcop-4826532331,gossipcop,Celebrities Love: Fashion Nova,fake,True,real,False,real,False,both_wrong
gossipcop-905941,gossipcop,"""The Crown""'s Matt Smith Got Embarrassingly Drunk at James Corden's Wedding",real,True,real,True,real,True,both_correct
gossipcop-907877,gossipcop,SAG Awards 2018: Millie Bobby Brown Wears Converse Sneakers,real,True,real,True,real,True,both_correct
gossipcop-899550,gossipcop,Stassi Schroeder: I Starve Myself to Stay Thin!,real,True,real,True,real,True,both_correct
gossipcop-880407,gossipcop,Gossip Girl 10 Years Later: How Upper East Siders Shocked the World and Changed Pop Culture Forever,real,False,real,True,fake,False,text_only_correct
gossipcop-4047356713,gossipcop,Princess Kate Bulimia Battle: Shocking New Photos,fake,False,real,False,real,False,both_wrong
gossipcop-869468,gossipcop,'Grey's Anatomy' Spinoff Enlists Jaina Lee Ortiz,real,True,real,True,real,True,both_correct
gossipcop-9527596713,gossipcop,Is Nicki Minaj Pregnant? New Report Claims She’s Expecting With Nas,fake,False,fake,True,fake,True,both_correct
gossipcop-2583430416,gossipcop,Kim Kardashian NOT Considering Leaving Considering Leaving Kanye West Or Announcing Divorce,fake,False,fake,True,fake,True,both_correct
gossipcop-9871580433,gossipcop,"Well, Well, Well, Justin Theroux Is Hanging Out With Aubrey Plaza",fake,True,fake,True,fake,True,both_correct
gossipcop-943850,gossipcop,Shawn Mendes Says He Needs a Few Years to Shed His Clean Image,real,False,real,True,real,True,both_correct
gossipcop-6857674423,gossipcop,"Two years on, here’s why the Brad Pitt-Angelina Jolie divorce isn’t final yet",fake,True,fake,True,fake,True,both_correct
gossipcop-947326,gossipcop,Watch as Tristan Thompson Dotes on Baby True in Heartwarming New Video,real,False,real,True,fake,False,text_only_correct
gossipcop-9981512950,gossipcop,Will Bindi Irwin Get Married to Boyfriend Chandler Powell?,fake,True,fake,True,fake,True,both_correct
gossipcop-920667,gossipcop,Zayn Malik and Gigi Hadid's relationship timeline,real,True,fake,False,fake,False,both_wrong
gossipcop-876821,gossipcop,Game of Thrones’ Season 7 Finale Director Is Spilling All the Tea on That Steamy Jon & Dany Sex Scene,real,False,real,True,real,True,both_correct
gossipcop-9444654745,gossipcop,"Brad Pitt Going Back To School To Impress Professor Girlfriend, Neri Oxman!",fake,True,fake,True,fake,True,both_correct
politifact15263,politifact,Dying 78 Year Old CIA Agent Admits To Killing Marilyn Monroe,fake,False,real,False,real,False,both_wrong
gossipcop-856632,gossipcop,6 Flat Iron Hacks for Flawless Waves,real,True,real,True,real,True,both_correct
gossipcop-890269,gossipcop,‘Amityville: The Awakening’ Grosses Miniscule $742 in 10 Locations – Variety,real,True,real,True,real,True,both_correct
gossipcop-884084,gossipcop,Rihanna 'enjoys a quiet dinner with billionaire ex-boyfriend Hassan Jameel',real,True,fake,False,fake,False,both_wrong
gossipcop-891302,gossipcop,Kim Kardashian Exposes The Weirdest Thing Kanye West Does,real,True,fake,False,fake,False,both_wrong
gossipcop-848488,gossipcop,Chris Pratt Apologizes in Sign Language to Hearing-Impaired Fans After Asking People to 'Turn Up the Volume' on Instagram,real,True,fake,False,real,True,multimodal_only_correct
gossipcop-901060,gossipcop,"Mariah Carey's 'All I Want for Christmas Is You' Hits Hot 100's Top 10 for First Time, 'Perfect' Still No. 1",real,True,real,True,fake,False,text_only_correct
gossipcop-899754,gossipcop,David Duchovny reportedly 'dating' 24-year-old woman,real,True,fake,False,real,True,multimodal_only_correct
gossipcop-3368803232,gossipcop,"Michael Strahan, Sara Haines Will Host ABC’s New ‘GMA’ Hour",fake,True,real,False,real,False,both_wrong
gossipcop-905459,gossipcop,Harvey Weinstein Could Have a Toxic Effect on Georgina Chapman's Fashion Line. Here's What We Know,real,False,real,True,real,True,both_correct
gossipcop-900476,gossipcop,Brie Bella suffered 'mom guilt' after bottle feeding Birdie,real,True,real,True,real,True,both_correct
gossipcop-884689,gossipcop,"Outlander's Claire and Brianna Are Caught in a Horrible Fight in Sneak Peek of ""Freedom & Whisky""",real,False,fake,False,fake,False,both_wrong
politifact9512,politifact,"Joni Ernst ""Promises"" Ad",real,True,real,True,real,True,both_correct
gossipcop-3584568934,gossipcop,Fake news and fake history of family separation,fake,False,fake,True,fake,True,both_correct
gossipcop-7259603960,gossipcop,Affordable Fashion & Style Blog,fake,True,real,False,real,False,both_wrong
politifact751,politifact,First Presidential Debate,real,False,real,True,real,True,both_correct
gossipcop-1369753636,gossipcop,AWKWARD: Chelsea Clinton tries ‘bonding’ with Megyn Kelly over National Enquirer and it’s JUST embarrassing,fake,False,fake,True,fake,True,both_correct
gossipcop-1155570174,gossipcop,"HollywoodLife Weasels Out Of Fake Rihanna, Hassan Jameel Stories With Phony Leonardo DiCaprio Claim",fake,False,fake,True,fake,True,both_correct
gossipcop-2518380754,gossipcop,Angelina Jolie: Meet my new man,fake,False,fake,True,fake,True,both_correct
gossipcop-863810,gossipcop,"The best and worst TV series finales of all time, from 'The Americans' to 'Seinfeld'",real,True,real,True,real,True,both_correct
gossipcop-941100,gossipcop,Insecure Season 3 Teaser: Issa Rae Raps to Her Mirror Bitch,real,True,real,True,real,True,both_correct
gossipcop-915478,gossipcop,Meet Team USA,real,False,real,True,real,True,both_correct
gossipcop-920641,gossipcop,Usher Dances With Julianne Hough and Rita Ora to ''Yeah!'' at Party,real,False,real,True,fake,False,text_only_correct
gossipcop-1640600260,gossipcop,American Idol (season 16),fake,False,real,False,real,False,both_wrong
gossipcop-897997,gossipcop,Selena Gomez Wore 6 Outfits in 1 Day — But She Loved Her Date Night Dress Best,real,True,real,True,real,True,both_correct
gossipcop-621464173,gossipcop,Kim Kardashian shares family Christmas card,fake,True,real,False,real,False,both_wrong
gossipcop-854906,gossipcop,Find Great Shoes Deals Shopping at Overstock.com,real,False,real,True,real,True,both_correct
gossipcop-947475,gossipcop,Amber Tamblyn Recalls Being Told to Lose Weight After ‘Sisterhood of the Traveling Pants’,real,True,real,True,real,True,both_correct
gossipcop-887515,gossipcop,Harvey Weinstein timeline: how Hollywood's biggest scandal unfolded,real,True,real,True,real,True,both_correct
gossipcop-9986525919,gossipcop,Kendall Jenner Alone On NYE: Why Blake Griffin Won’t Be With Her For Midnight Kiss,fake,False,fake,True,fake,True,both_correct
gossipcop-926318,gossipcop,Brad Pitt Visited His 'Genius and Gorgeous' New Friend Professor Neri Oxman at MIT Last Fall,real,True,fake,False,fake,False,both_wrong
gossipcop-7444914406,gossipcop,Meghan Markle Finds Prince Harry Can’t Stop ‘Jealous’ Kate Middleton & Princesses Royal Feud [Rumor],fake,False,fake,True,fake,True,both_correct
gossipcop-887367,gossipcop,Noah Cyrus Best Beauty Looks Hair Makeup Trends Photos,real,True,real,True,real,True,both_correct
gossipcop-9479384971,gossipcop,"Self-protective, loving and intimate: What Kate and Wills’ body language with their new baby boy reveals",fake,True,real,False,real,False,both_wrong
gossipcop-9967416540,gossipcop,Newly Single Mariah Carey and Nick Cannon Come Together to Celebrate Easter With Their Twins,fake,True,fake,True,fake,True,both_correct
gossipcop-5395575299,gossipcop,Is Kylie Jenner Pregnant Again With Baby #2? New Rumors She's Expecting Again With Travis Scott,fake,True,fake,True,fake,True,both_correct
gossipcop-937564842,gossipcop,"Matt Lauer: New Details About His Secret Plans for a Career Comeback, Revealed",fake,False,fake,True,fake,True,both_correct
gossipcop-5493993751,gossipcop,On Air with Ryan Seacrest,fake,True,fake,True,fake,True,both_correct
gossipcop-8079114380,gossipcop,14 Reasons Why You Shouldn't Envy The Kardashians,fake,False,fake,True,real,False,text_only_correct
gossipcop-815778378,gossipcop,Blake Shelton Gunnin’ For ‘Gunsmoke’ Movie,fake,False,fake,True,fake,True,both_correct
politifact15409,politifact,CNN To Permanently Close Its Doors As Ratings Plunge 30 Percent,fake,False,real,False,real,False,both_wrong
gossipcop-868227,gossipcop,Inside the Close Friendship Between Chester Bennington and Chris Cornell,real,False,real,True,real,True,both_correct
gossipcop-6251169316,gossipcop,Harry Styles: Why He Rules As HollywoodLife’s Star Of The Week,fake,False,fake,True,fake,True,both_correct
politifact13924,politifact,Colorado Rockies Baseball Team To Sell Marijuana Brownies At Their Concession Stands,fake,False,real,False,real,False,both_wrong
gossipcop-1764765812,gossipcop,John Travolta ’ t Allow Daughter Ella To Become An Actress,fake,False,real,False,real,False,both_wrong
gossipcop-843892,gossipcop,EXCLUSIVE: Simone Biles and Sasha Farber React to Shocking 'DWTS' Elimination: 'This Isn't My Element',real,True,fake,False,fake,False,both_wrong
gossipcop-874791,gossipcop,American Horror Story: Cult Opening Credits Clues,real,True,real,True,real,True,both_correct
gossipcop-8929894475,gossipcop,Batgirl Rumor: 'Kristen Stewart Prototype' Wanted For Barbara,fake,True,fake,True,fake,True,both_correct
gossipcop-913915,gossipcop,Kanye West Reactivates Instagram to Wish Kim Kardashian a Happy Valentine's Day,real,True,fake,False,fake,False,both_wrong
gossipcop-6253888637,gossipcop,Angelina Jolie's fury as Brad Pitt and Jennifer Aniston move in together,fake,False,fake,True,fake,True,both_correct
gossipcop-880405,gossipcop,The Fall Wardrobe Staple You Should Buy Based on Your Eyeglasses Personality,real,False,real,True,real,True,both_correct
gossipcop-888252,gossipcop,Rihanna's Denim Dress Is More Versatile Than You Think,real,False,real,True,real,True,both_correct
gossipcop-4950703770,gossipcop,"Jennifer Lopez and Alex Rodriguez's Relationship Is Fake, Insider Reveals",fake,True,fake,True,fake,True,both_correct
politifact15592,politifact,Pope says that the rights of Muslim migrants trump any safety concerns that you might have with them in your country,fake,False,fake,True,fake,True,both_correct
gossipcop-847004,gossipcop,Southern Charm's Craig Conover Is Starting a Clothing Line...and His Girlfriend Probably Won't Be Wearing It,real,False,real,True,real,True,both_correct
gossipcop-924229,gossipcop,Corey Feldman Shares ‘Smallest Knife Wound’ After Alleged Stabbing,real,True,real,True,real,True,both_correct
gossipcop-934526,gossipcop,Black Mirror season 4 easter eggs that confirm it's a shared universe,real,True,real,True,real,True,both_correct
gossipcop-869171,gossipcop,'Broad City' to End With Season 5 as Ilana Glazer and Abbi Jacobson Ink Viacom Pact,real,True,real,True,real,True,both_correct
gossipcop-904273,gossipcop,Stars Share #WhyWeWearBlack Ahead of Golden Globes 2018,real,False,real,True,real,True,both_correct
gossipcop-945620,gossipcop,‘Bachelor In Paradise’ Season 5 Gets Summer Premiere Date On ABC,real,True,real,True,real,True,both_correct
gossipcop-8126073985,gossipcop,Why Brad Pitt Would Keep Any New Romance Fiercely Private After His Divorce From Angelina Jolie,fake,True,fake,True,fake,True,both_correct
gossipcop-900582,gossipcop,Kim Kardashian and Kanye West share their first family portrait in months,real,True,fake,False,real,True,multimodal_only_correct
politifact997,politifact,United States Department of Defense,real,False,real,True,real,True,both_correct
politifact15156,politifact,Court Orders Obama To Pay $400 Million In Restitution,fake,False,fake,True,fake,True,both_correct
gossipcop-848792,gossipcop,Creepy New 'American Horror Story: Cult' Trailers Are Here and They'll Give You Nightmares,real,True,real,True,real,True,both_correct
gossipcop-8699882806,gossipcop,Celebrities react to superstar Glen Campbell's death,fake,True,fake,True,fake,True,both_correct
gossipcop-868918,gossipcop,27 of Drew Barrymore's Absolute Favorite Things,real,False,real,True,real,True,both_correct
gossipcop-6979069951,gossipcop,Kourtney Kardashian MOVING ON With TRAVIS BARKER!?,fake,False,fake,True,fake,True,both_correct
gossipcop-4133406519,gossipcop,Rob Pattinson Still ‘Cares Deeply’ For Kristen Stewart — Getting Back Together After Party Reunion?,fake,True,fake,True,fake,True,both_correct
gossipcop-991937239,gossipcop,Caitlyn Jenner Turns Bridezilla For Wedding Chaos,fake,False,fake,True,fake,True,both_correct
gossipcop-908341,gossipcop,Bill Cosby returns to stage for first time since sexual assault trial,real,False,real,True,real,True,both_correct
gossipcop-6737488799,gossipcop,"9 Things to Know About Armie Hammer, the Hero Taking Over Hollywood",fake,True,real,False,real,False,both_wrong
gossipcop-8324379298,gossipcop,Gwen Stefani & Blake Shelton Secretly Married? Why They Call Each Other ‘Husband & Wife’,fake,False,fake,True,fake,True,both_correct
gossipcop-863515,gossipcop,LIVE My Big Fat Greek Wedding 2 News,real,True,fake,False,real,True,multimodal_only_correct
gossipcop-898712,gossipcop,Alexa Vega,real,False,real,True,real,True,both_correct
gossipcop-897832,gossipcop,"LAFCA 2018 Winners: ‘Roma’ Takes Best Picture, Debra Granik Named Best Director",real,True,real,True,real,True,both_correct
gossipcop-940403,gossipcop,Carrie Underwood Closes CMT Artists of the Year with 50 Years of Songs,real,False,real,True,real,True,both_correct
gossipcop-8514991057,gossipcop,"Michelle Obama is Naked, Topless on the Cover of a Spanish Lifestyle Magazine",fake,True,real,False,fake,True,multimodal_only_correct
gossipcop-843897,gossipcop,‘Girls’ Series Finale: Lena Dunham and Jenni Konner Explain That Surprise Ending,real,True,real,True,real,True,both_correct
gossipcop-897978,gossipcop,Here is why Prince Harry broke protocol by asking William to be best man,real,True,real,True,real,True,both_correct
gossipcop-3496321439,gossipcop,"Did Tom Hanks ever have plastic surgery? If so, what did he have done?",fake,False,fake,True,fake,True,both_correct
gossipcop-889444,gossipcop,Saturday Savings: Lucy Hale's Leather Purse Comes With a Great Discount,real,True,real,True,real,True,both_correct
gossipcop-845941,gossipcop,SETH MEYERS TO HOST THE 2017 CFDA FASHION AWARDS,real,False,real,True,real,True,both_correct
gossipcop-645995617,gossipcop,Jay-Z views Kanye West as a 'pesky fly',fake,True,fake,True,fake,True,both_correct
gossipcop-864953,gossipcop,'Teen Mom 2' star Briana DeJesus introduces daughter Stella,real,True,real,True,real,True,both_correct
gossipcop-5725071390,gossipcop,Did Taylor Swift shade Kim Kardashian on #TaylorSwiftIsOverParty anniversary?,fake,True,fake,True,fake,True,both_correct
gossipcop-901549,gossipcop,All the TV Marathons Airing on Christmas,real,True,real,True,real,True,both_correct
gossipcop-8444893240,gossipcop,Justin Bieber and Selena Gomez May Have Broken Up for Good This Time,fake,True,fake,True,fake,True,both_correct
gossipcop-8806633639,gossipcop,Selena Gomez Believes Justin Bieber Is Her ‘Soulmate’ & They’re Destined To Be Together,fake,True,fake,True,fake,True,both_correct
gossipcop-914598,gossipcop,Rob Kardashian shares adorable video of daughter Dream saying 'dada',real,True,real,True,real,True,both_correct
gossipcop-848244,gossipcop,Former Porn Star Claims Drake Got Her Knocked Up: Here's His Shocking Response • The Hollywood Unlocked,real,False,real,True,real,True,both_correct
gossipcop-5111151830,gossipcop,Blake Shelton from Dancing With the Stars: Special Guests!,fake,True,fake,True,real,False,text_only_correct
gossipcop-910773,gossipcop,Here’s Exactly What You Missed in ‘Mission: Impossible – Fallout’,real,True,real,True,real,True,both_correct
gossipcop-2194660040,gossipcop,Melania Trump Claims ‘Spooks’ Are Slowly Poisoning Her Husband,fake,False,fake,True,real,False,text_only_correct
gossipcop-931729,gossipcop,Priyanka Chopra on her hopes for Meghan Markle’s life as a royal,real,False,fake,False,fake,False,both_wrong
gossipcop-7671918282,gossipcop,Kendall Jenner: Banned From Clippers Games Due to Blake Griffin Relationship?,fake,True,fake,True,fake,True,both_correct
gossipcop-904995,gossipcop,Julie Bowen and Husband Scott Phillips Separate,real,True,real,True,real,True,both_correct
gossipcop-2409992269,gossipcop,Jamie Foxx walks out of live interview after being asked about Katie Holmes,fake,True,fake,True,fake,True,both_correct
gossipcop-931893,gossipcop,"Camille Cosby on her husband’s conviction: ‘This is mob justice, not real justice’",real,False,real,True,real,True,both_correct
gossipcop-8884898167,gossipcop,"Here's what you should know about fibromyalgia, the chronic pain disorder that forced Lady Gaga to cancel parts of her tour",fake,True,real,False,fake,True,multimodal_only_correct
gossipcop-5152718676,gossipcop,Jennifer Garner and Ben Affleck Expecting Their 4th Child Together Following Surprise Pregnancy Bombshell (EXCLUSIVE),fake,False,fake,True,fake,True,both_correct
gossipcop-9417952410,gossipcop,Blake Shelton’s CMT Awards Performance: Why Miranda Lambert Was ‘Touched’,fake,False,fake,True,fake,True,both_correct
gossipcop-8082245755,gossipcop,"Kate Hudson Denies Ever Dating Brad Pitt, Once and for All",fake,True,fake,True,fake,True,both_correct
politifact677,politifact,Fox News Sunday,real,False,real,True,real,True,both_correct
gossipcop-7796728861,gossipcop,Katie Holmes and Jamie Foxx's Wedding Will Be Top Secret — Just Like Their Relationship (EXCLUSIVE),fake,True,fake,True,fake,True,both_correct
gossipcop-3036074919,gossipcop,Billie Lourd Is Rushing Into Marriage With Taylor Lautner,fake,True,fake,True,fake,True,both_correct
gossipcop-6522821514,gossipcop,Prince Harry’s exes: who’s invited and who hasn't made the cut to the wedding of the year,fake,True,real,False,real,False,both_wrong
gossipcop-4844673896,gossipcop,Why Sandra Bullock and Bryan Randall Aren't Getting Engaged Anytime Soon,fake,True,fake,True,real,False,text_only_correct
gossipcop-5758053477,gossipcop,Make Me Your Wife! Hailey Baldwin Begs Justin Bieber To Propose,fake,True,fake,True,fake,True,both_correct
gossipcop-3795942487,gossipcop,Dean McDermott Net Worth,fake,True,real,False,fake,True,multimodal_only_correct
gossipcop-6463873947,gossipcop,Will Eminem Run For President In 2020 After Vicious Trump Takedown Rap?,fake,False,fake,True,fake,True,both_correct
gossipcop-955812,gossipcop,Cardi B and Offset Debut His and Hers Lamborghinis,real,True,real,True,real,True,both_correct
gossipcop-2939641010,gossipcop,Stedman Graham,fake,False,real,False,real,False,both_wrong
gossipcop-5152768016,gossipcop,Robert Pattinson & Kristen Stewart Would ‘Love’ To See A ‘Twilight’ Reboot After 10th Anniversary,fake,True,fake,True,fake,True,both_correct
politifact2964,politifact,Obama addresses key concerns for Floridians,real,False,real,True,real,True,both_correct
gossipcop-931328,gossipcop,Ashley Graham's newest swimwear line uses unedited photos,real,False,real,True,real,True,both_correct
gossipcop-917275,gossipcop,2018 ACM Awards: Jason Aldean wins entertainer of the year,real,True,real,True,real,True,both_correct
gossipcop-180345132,gossipcop,Jennifer Lopez and Alex Rodriguez Visit His Old Stomping Ground at Yankee Stadium -- See the Pic!,fake,False,fake,True,fake,True,both_correct
gossipcop-952502,gossipcop,Confused Why Priyanka Chopra Is Changing Her Policy On Public Relationships,real,False,real,True,real,True,both_correct
gossipcop-2917215,gossipcop,Justin Theroux Found Post-Its From Brad Pitt During Jen Aniston Marriage,fake,True,fake,True,fake,True,both_correct
politifact11314,politifact,Has the potency of pot changed since President Obama was in high school?,real,False,real,True,real,True,both_correct
gossipcop-1811064392,gossipcop,Plan B? Kim Kardashian Says She’s Begging Her Little Sister Khloe To Carry Her Third Baby,fake,True,fake,True,fake,True,both_correct
gossipcop-3016579480,gossipcop,Teresa Giudice Can’t Afford To Send Daughter To College?,fake,False,real,False,real,False,both_wrong
gossipcop-4224035489,gossipcop,Taylor Swift: F*ck The Virtue Signalling Left,fake,False,fake,True,real,False,text_only_correct
gossipcop-843464,gossipcop,10 things you never knew about Victoria’s Secret Angel Sara Sampaio,real,False,real,True,real,True,both_correct
gossipcop-9017740875,gossipcop,Opinion | Lena Dunham: Losing Birth Control Could Mean a Life of Pain,fake,False,real,False,fake,True,multimodal_only_correct
gossipcop-899930,gossipcop,John Stamos Says Being a TV Dad Gave Him Real-Life Parenting Fears (Exclusive),real,True,real,True,real,True,both_correct
gossipcop-526161916,gossipcop,Anna Faris’ Dad Reveals Truth Behind Shocking Split From Chris Pratt,fake,True,real,False,real,False,both_wrong
politifact13303,politifact,Joint DHS and ODNI Election Security Statement,real,False,real,True,real,True,both_correct
gossipcop-865935,gossipcop,Nickelodeon ‘Kids’ Choice Sports 2017': Complete Winners List,real,True,real,True,real,True,both_correct
gossipcop-9495394238,gossipcop,Megyn Kelly,fake,False,fake,True,fake,True,both_correct
gossipcop-878848,gossipcop,‘Teen Mom OG’ Star Farrah Abraham Explains Why She Can’t End Amber Portwood Feud,real,False,real,True,real,True,both_correct
gossipcop-9180775364,gossipcop,"Lin-Manuel Miranda Talks 'Almost Like Praying' Song, Puerto Rico And Trump",fake,False,real,False,fake,True,multimodal_only_correct
gossipcop-5170578278,gossipcop,Blake Shelton Says He and Gwen Stefani Thought Their Relationship Was a 'Rebound Deal' at First,fake,True,fake,True,fake,True,both_correct
politifact1063,politifact,Energy and Commerce Committee,real,False,real,True,real,True,both_correct
gossipcop-9978137790,gossipcop,Blake Shelton Calls Meeting Gwen Stefani 'a Miracle' After 'Hitting Rock Bottom',fake,True,fake,True,fake,True,both_correct
gossipcop-951533,gossipcop,Confused Let These Celeb Inspired Looks Solve Any Wedding Outfit Indecision,real,False,real,True,real,True,both_correct
gossipcop-909008,gossipcop,Elle King celebrates wedding anniversary after reconciling with husband,real,True,real,True,real,True,both_correct
gossipcop-6628128349,gossipcop,Is Tom Cruise ready to reunite with his daughter Suri?,fake,True,real,False,real,False,both_wrong
politifact14815,politifact,Miss Universe Guayana 2016 arrestada con 2kilos en London Airport😱,fake,False,real,False,real,False,both_wrong
gossipcop-2852717230,gossipcop,Alex Rodriguez Is Reportedly Gunning To Replace Michael Strahan At ‘GMA’,fake,False,fake,True,fake,True,both_correct
gossipcop-7488579792,gossipcop,Brad Pitt has a 'secret love child',fake,True,fake,True,fake,True,both_correct
gossipcop-940134,gossipcop,Tarek El Moussa Says 'Flip or Flop' Is 'Absolutely Different' After Split,real,False,real,True,real,True,both_correct
gossipcop-3754107472,gossipcop,Rachel Bilson Eddie Cibrian Take Two,fake,False,real,False,real,False,both_wrong
gossipcop-595491190,gossipcop,Is Brad Pitt secretly dating Sienna Miller following split from Angelina Jolie?,fake,False,fake,True,fake,True,both_correct
gossipcop-7073979401,gossipcop,Jennifer Aniston's Revenge: Best Reactions to Brangelina Split,fake,True,fake,True,real,False,text_only_correct
politifact228,politifact,"Current-Law Distribution of Federal Taxes By Cash Income Percentiles, 2007",real,False,real,True,real,True,both_correct
gossipcop-868278,gossipcop,EXCLUSIVE: Raven-Symone Calls 'Raven's Home' a Dream -- Why Playing a Mom Has Her Thinking About Becoming One!,real,True,real,True,real,True,both_correct
gossipcop-910707,gossipcop,8 Red Carpet Lipstick Hues to Inspire Your Valentine's Day Beauty - Parker XL,real,False,real,True,real,True,both_correct
gossipcop-581030355,gossipcop,Victoria Beckham overjoyed at Spice Girls reunion as band’s TV deal is snub to David Beckham’s move to Miami,fake,True,fake,True,fake,True,both_correct
gossipcop-880822,gossipcop,"Get to Know Jermaine Fowler, the Comedian Who Killed It As the 2017 Emmys Announcer",real,True,real,True,real,True,both_correct
gossipcop-942244,gossipcop,Nikki Bella Is Left Feeling 'Confused' After Watching John Cena's Emotional Today Show Interview,real,True,real,True,real,True,both_correct
gossipcop-7102127952,gossipcop,Angelina Jolie 'had an affair with her mother's lover',fake,True,fake,True,fake,True,both_correct
gossipcop-876067,gossipcop,Married at First sight star Jamie Otis reveals miscarriage two days after positive pregnancy test,real,True,real,True,real,True,both_correct
gossipcop-848364,gossipcop,Prince Philip makes final solo appearance before retirement,real,True,real,True,real,True,both_correct
gossipcop-926999,gossipcop,"New Mom Khloé Kardashian Is a 'Strong, Resilient Woman' Amid Cheating Scandal, Says Paris Hilton",real,True,fake,False,real,True,multimodal_only_correct
gossipcop-1957482622,gossipcop,21 best Selena Gomez Hollywood Life images on Pinterest,fake,True,fake,True,fake,True,both_correct
gossipcop-2623280525,gossipcop,"Khloé, Tristan Are in 'Best Place They've Been Since Scandal': Source",fake,True,fake,True,real,False,text_only_correct
gossipcop-866783,gossipcop,The 2018 Emmy Nominations Include So Many 'Gilmore Girls' Stars That It's Basically A Reunion,real,True,real,True,real,True,both_correct
gossipcop-950674,gossipcop,Meghan Markle Makes A PDA Blunder With Prince Harry Amidst Roller Coaster Week,real,False,fake,False,fake,False,both_wrong
gossipcop-921506,gossipcop,Elizabeth Hurley gives update after nephew’s stabbing: ‘He remains in great pain’,real,True,real,True,real,True,both_correct
gossipcop-856857,gossipcop,Tyler Henry warned Alan Thicke about his heart,real,True,real,True,real,True,both_correct
gossipcop-2198033075,gossipcop,"Jennifer Lawrence, Margot Robbie & More Teach Drinking Slang from Around the World",fake,False,fake,True,fake,True,both_correct
gossipcop-951681,gossipcop,- USweekly,real,False,real,True,real,True,both_correct
gossipcop-930760,gossipcop,Audrina Patridge and Ryan Cabrera attend Stagecoach together,real,True,fake,False,fake,False,both_wrong
gossipcop-889403,gossipcop,Paris Jackson’s Stylist Opens Up About Crafting Her Entry Into the Limelight,real,True,fake,False,real,True,multimodal_only_correct
gossipcop-4618810499,gossipcop,"Tyga Misses Kylie Jenner so Much, He ""Kicks Himself Every Day"" Since Their Split (EXCLUSIVE)",fake,False,fake,True,fake,True,both_correct
gossipcop-849931,gossipcop,Sofia Richie Wears Sky-High Balenciaga Logo Booties for Daytime Froyo Date with Scott Disick,real,True,fake,False,fake,False,both_wrong
gossipcop-5883886565,gossipcop,"Paris Jackson Clarifies Her Dating Status With Cara Delevingne, Ashley Benson, and Caroline D'Amore",fake,True,fake,True,fake,True,both_correct
gossipcop-850149,gossipcop,Jesus Christ Superstar Live in Concert,real,False,fake,False,fake,False,both_wrong
gossipcop-5663483713,gossipcop,Watch Linkin Park's Chester Bennington Tribute Concert Live Stream,fake,False,real,False,real,False,both_wrong
politifact1576,politifact,deputy director of national health statistics in the Office of the Actuary at the Center for Medicare and Medicaid Services,real,False,real,True,real,True,both_correct
gossipcop-3420402856,gossipcop,Gwyneth Paltrow Says Brad Pitt Threatened to ‘Kill’ Harvey Weinstein Over Alleged Harassment,fake,True,fake,True,fake,True,both_correct
gossipcop-4578461415,gossipcop,David Letterman Won’t Give Up His Beard,fake,False,real,False,real,False,both_wrong
politifact2714,politifact,Indictment US v Vince McMahon and Titan Sports New Haven Register,real,False,real,True,real,True,both_correct
gossipcop-894872,gossipcop,Jennifer Hudson and David Otunga split,real,True,fake,False,fake,False,both_wrong
gossipcop-3234538476,gossipcop,Human trafficking: Girl brought to UK aged 5 kept as slave for a decade and beaten,fake,True,real,False,real,False,both_wrong
gossipcop-7808530362,gossipcop,"Gwen Stefani, Blake Shelton does not skip the engagement to Elope, despite the report – NewsBeezer",fake,False,fake,True,fake,True,both_correct
gossipcop-858943,gossipcop,Grab a golden shovel and dig through part 5 of Twin Peaks,real,False,real,True,real,True,both_correct
gossipcop-9250386784,gossipcop,J.Lo ‘Wild’ Over A-Rod’s ‘Passionate’ Kisses — Their Make Outs Are ‘Next Level’,fake,False,real,False,real,False,both_wrong
gossipcop-875206,gossipcop,"Fit Model Sarah Stage Is 8 Months Pregnant, Still Has Six-Pack Abs",real,True,fake,False,real,True,multimodal_only_correct
gossipcop-1012123555,gossipcop,Chris Soules Breaks Silence On Fatal Accident: I’m ‘Overwhelmed With This Tragedy’,fake,False,real,False,real,False,both_wrong
gossipcop-800399273,gossipcop,List of songs recorded by Adele,fake,False,real,False,real,False,both_wrong
gossipcop-2504208932,gossipcop,Jennifer Garner Making Ben Affleck Jealous By Flirting With Josh Duhamel?,fake,False,fake,True,fake,True,both_correct
gossipcop-651286924,gossipcop,Photos of Meghan Markle's Gorgeous Wedding Ring,fake,True,real,False,real,False,both_wrong
gossipcop-866572,gossipcop,2017 Emmy Nominees List: See All the Nominations – Variety,real,True,fake,False,real,True,multimodal_only_correct
gossipcop-4306645282,gossipcop,Who is Hailey Baldwin? Justin Bieber's new fiancée,fake,True,fake,True,fake,True,both_correct
gossipcop-2772986449,gossipcop,NYC terror attack: Celebrities react on social media,fake,False,fake,True,fake,True,both_correct
gossipcop-874208,gossipcop,Celebrity Personal Assistant: Salary,real,True,fake,False,fake,False,both_wrong
gossipcop-914289,gossipcop,Celebritymaximum.com,real,False,real,True,real,True,both_correct
gossipcop-953805,gossipcop,Spread the Word to End the Word,real,True,real,True,real,True,both_correct
gossipcop-898420,gossipcop,Kate McKinnon Nails Her Gal Gadot Impression (Video),real,True,real,True,real,True,both_correct
gossipcop-938705,gossipcop,‘Parks and Recreation’ Revival: Amy Poehler Confirms the Cast ‘Would All Do’ More Episodes,real,True,real,True,real,True,both_correct
gossipcop-2414287507,gossipcop,Ben Affleck Reportedly Begging Jennifer Garner For Second Shot At Love: Will She Go Back To Him?,fake,False,fake,True,fake,True,both_correct
gossipcop-6588325659,gossipcop,Justin Theroux Stayed in Guest House Before Jennifer Aniston Split,fake,True,fake,True,fake,True,both_correct
gossipcop-894261,gossipcop,Bobby Cannavale and Rose Byrne Welcome Baby No. 2,real,True,real,True,real,True,both_correct
gossipcop-939676,gossipcop,Rose McGowan on Asia Argento Accusation: ‘My Heart Is Broken’,real,True,real,True,real,True,both_correct
politifact923,politifact,Noted and Quoted,real,False,real,True,real,True,both_correct
gossipcop-6641270518,gossipcop,Cheryl Cole and Liam Payne relationship 'under strain',fake,True,fake,True,fake,True,both_correct
politifact15623,politifact,"Queen Elizabeth Says: “Muslim Refugees Are Dividing Nationality, I Fully Agree With Donald Trump We Should…”(VIDEO)",fake,False,real,False,fake,True,multimodal_only_correct
gossipcop-7694678050,gossipcop,Nick Jonas & Priyanka Chopra's Relationship Is Reportedly Instagram Official & Fans Are Loving It — PHOTO,fake,True,fake,True,real,False,text_only_correct
gossipcop-646080900,gossipcop,Justin Theroux Reacts to Jennifer Aniston Being Dragged into Brad Pitt and Angelina Jolie’s Divorce News,fake,True,fake,True,fake,True,both_correct
gossipcop-337132931,gossipcop,"Caitlyn Jenner Finally Ends Her Silence About Sophia Hutchins, But Is This a Relationship Confirmation?",fake,False,fake,True,fake,True,both_correct
gossipcop-861147,gossipcop,Last chance to vote in this year's TV Scoop Awards: Pressparty,real,False,real,True,real,True,both_correct
gossipcop-9093685718,gossipcop,Vito Schnabel Shares His Heartbreak Over Heidi Klum Split,fake,True,real,False,real,False,both_wrong
gossipcop-894274,gossipcop,Shawn Mendes and Hailey Baldwin's Relationship Timeline,real,False,real,True,real,True,both_correct
gossipcop-703431151,gossipcop,"Marilyn Manson Did Not Have Testicles Removed After Stage Prop Accident, Despite Report",fake,False,fake,True,fake,True,both_correct
gossipcop-7123899027,gossipcop,Paris Jackson and 90210 Star Trevor Donovan Are ''Just Friends'' Despite Showing PDA,fake,True,fake,True,fake,True,both_correct
gossipcop-8047164046,gossipcop,Ben Affleck & Jennifer Lopez: Back Together?!?!,fake,True,fake,True,fake,True,both_correct
gossipcop-9756692853,gossipcop,8 Juiciest Celebrity Feuds of 2017,fake,True,fake,True,fake,True,both_correct
gossipcop-890864,gossipcop,"Dave Grohl and Kristen Bell Perform 'Frozen', Metallica Mashup",real,True,fake,False,real,True,multimodal_only_correct
gossipcop-3623255149,gossipcop,UPDATE: Steven Tyler Denies Seizure Reports,fake,True,real,False,real,False,both_wrong
politifact14394,politifact,BREAKING: Hillary Clinton Has Third Heart Attack-Docs Says She ‘Won’t Survive’,fake,False,fake,True,real,False,text_only_correct
gossipcop-857140,gossipcop,‘Pirates of the Caribbean: Dead Men Tell No Tales’ Review: Johnny Depp Serves Up a Fifth of Frivolity,real,True,fake,False,real,True,multimodal_only_correct
gossipcop-863322,gossipcop,DJ Khaled's baby son steals the show in Gucci at MTV VMAs,real,True,real,True,real,True,both_correct
gossipcop-9940130614,gossipcop,'Funny People's' Leslie Mann's Top 5 Romantic Movies,fake,True,fake,True,fake,True,both_correct
gossipcop-891858,gossipcop,Rosie O’Donnell Opens Up About Her Near Death Experience And Her Ex-Wife’s Passing,real,True,real,True,real,True,both_correct
gossipcop-3210838716,gossipcop,Queen Elizabeth Upset Meghan Markle’s Ex-Husband Is Making Royal-Inspired Sitcom?,fake,False,real,False,fake,True,multimodal_only_correct
politifact642,politifact,"Senator Biden’s Remarks in Springfield, Ill.",real,False,real,True,real,True,both_correct
gossipcop-908168,gossipcop,Kim Kardashian and Kanye West enjoy date night after welcoming Chicago,real,True,fake,False,real,True,multimodal_only_correct
gossipcop-858650,gossipcop,Ariana Grande Arrives in England for Manchester Benefit Concert,real,True,real,True,real,True,both_correct
gossipcop-8469534001,gossipcop,Brad Pitt's genius new love Neri Oxman steps out in all black outfit,fake,True,fake,True,fake,True,both_correct
gossipcop-5889346481,gossipcop,Justin Theroux and Petra Collins Are Rumored To Be Dating,fake,True,fake,True,fake,True,both_correct
gossipcop-875934,gossipcop,Television show,real,False,real,True,real,True,both_correct
gossipcop-2762135652,gossipcop,Brody Jenner Breaks Silence on Caitlyn Jenner Skipping His Wedding,fake,True,fake,True,fake,True,both_correct
politifact1442,politifact,"As Americans Save Money, their Government Spends with Reckless Abandon",real,True,real,True,real,True,both_correct
gossipcop-931934,gossipcop,"Ronnie Magro-Ortiz, Jersey Shore",real,False,real,True,real,True,both_correct
gossipcop-5215807248,gossipcop,Justin Theroux Found Jennifer Aniston's Love Note Post-Its From Brad Pitt,fake,True,fake,True,fake,True,both_correct
gossipcop-893296,gossipcop,Taylor Swift Attends SNL After-Party and Takes Selfie With Leslie Jones,real,False,fake,False,fake,False,both_wrong
politifact423,politifact,MoveOn.org Political Action: 10 things to know about McCain,real,False,real,True,real,True,both_correct
gossipcop-947210,gossipcop,Jersey Shore (TV series),real,True,real,True,real,True,both_correct
gossipcop-1432833690,gossipcop,"Chris Brown Says He Wants to Tour With Rihanna, Beyoncé and Bruno Mars",fake,True,fake,True,fake,True,both_correct
gossipcop-949381,gossipcop,David and Victoria Beckham celebrate 19th wedding anniversary,real,True,fake,False,fake,False,both_wrong
gossipcop-918132,gossipcop,Full List of 2018 Oscar Nominations – Variety,real,True,real,True,real,True,both_correct
gossipcop-861413,gossipcop,"Jamie Foxx, Ansel Elgort & James Corden Battle In Epic Riff-Off",real,False,real,True,real,True,both_correct
gossipcop-950960,gossipcop,Trans Men Audition for Old Scarlett Johansson Roles in Parody Video,real,True,real,True,real,True,both_correct
gossipcop-5643064581,gossipcop,Celebrities React to President Donald Trump Removing Protection For Transgender Students,fake,False,fake,True,fake,True,both_correct
gossipcop-876994,gossipcop,Chloe Green denies she is engaged to Jeremy Meeks,real,True,real,True,real,True,both_correct
gossipcop-8666163098,gossipcop,Kylie Jenner Has Finally Been Spotted Out In Public,fake,True,real,False,real,False,both_wrong
gossipcop-5832684435,gossipcop,Chris Hemsworth proves even he can be an embarrassing dad,fake,False,fake,True,fake,True,both_correct
gossipcop-6255257999,gossipcop,Does Caitlyn Jenner Have A Blonde Girlfriend? New Report Claims She’s Dating Again,fake,False,fake,True,fake,True,both_correct
gossipcop-1680459589,gossipcop,"Anna Faris Uncomfortable Watching Chris Pratt, Zoe Saldana Romantic Scenes?",fake,False,real,False,fake,True,multimodal_only_correct
gossipcop-908665,gossipcop,'Storm Chasers' Star Joel Taylor Dead at 38,real,False,real,True,real,True,both_correct
gossipcop-394135683,gossipcop,Blake Who? Shelton Pushed Aside By Rabid Meghan Markle Fanatics!,fake,True,fake,True,fake,True,both_correct
gossipcop-882423,gossipcop,Ben higgins clarifies romance rumors and reveals if he's dating anyone,real,False,fake,False,fake,False,both_wrong
gossipcop-8282337162,gossipcop,Kate: 'Yes I'm having two girls',fake,False,fake,True,fake,True,both_correct
gossipcop-765389544,gossipcop,Recognizing The Potential And Perils Of A 'Limitless' Mind,fake,True,real,False,real,False,both_wrong
gossipcop-915381,gossipcop,THIS is why Jane Seymour looks 47 at 67,real,False,real,True,real,True,both_correct
politifact4080,politifact,2011 Urban InstituteBrookings Institution Tax Policy Center,real,False,real,True,real,True,both_correct
gossipcop-4469154661,gossipcop,Ellen DeGeneres Responds To Divorce Rumors As Only She Can,fake,False,fake,True,fake,True,both_correct
gossipcop-944862,gossipcop,'Real Housewives of Potomac' Star Monique Samuels Gives Birth to Baby No. 3,real,True,real,True,real,True,both_correct
gossipcop-6632172921,gossipcop,"Taylor Swift, Joe Alwyn Hold Hands on Dinner Date in London",fake,True,fake,True,fake,True,both_correct
gossipcop-912599,gossipcop,Adidas Kicks Off New York Fashion Week With Kendall Jenner and a Diverse Group of Models,real,True,real,True,real,True,both_correct
gossipcop-919976,gossipcop,Jennifer Aniston Makes Rare Post-Split Appearance at Molly McNearny's Birthday Party,real,False,fake,False,real,True,multimodal_only_correct
gossipcop-1536255789,gossipcop,Kim Kardashian Trolling Her Own Bikini Pic on Instagram Is Everything,fake,False,fake,True,fake,True,both_correct
gossipcop-952240,gossipcop,E! Gives Go-Ahead For ‘Botched’ Season Five,real,True,real,True,real,True,both_correct
gossipcop-9131837077,gossipcop,"Get a grip teenagers! You've got a few GCSEs not a role on Netflix, says LIZ JONES",fake,True,real,False,real,False,both_wrong
gossipcop-8105884993,gossipcop,Kelly and Ryan’s relationship may not be as sunny as it seems,fake,True,fake,True,fake,True,both_correct
gossipcop-4853076939,gossipcop,Savannah Chrisley Dumped By NBA Player Boyfriend Luke Kennard,fake,True,real,False,real,False,both_wrong
gossipcop-849755,gossipcop,"Calvin Harris Announces Star-Studded New Album: Frank Ocean, Nicki, Travis Scott, Katy Perry, Many More",real,True,fake,False,real,True,multimodal_only_correct
gossipcop-9412456850,gossipcop,Jessica Chastain Molly’s Game,fake,False,real,False,real,False,both_wrong
gossipcop-891646,gossipcop,Kelly Clarkson 'Never Felt Sexually Attracted to Anybody' Before Husband Brandon Blackstock,real,True,real,True,real,True,both_correct
politifact636,politifact,Organizing for Action,real,False,real,True,real,True,both_correct
gossipcop-8145641972,gossipcop,The News of Keith Urban Getting Upset with Nicole Kidman!! How much of it is true?Know more about their Relationship – Married Biography,fake,True,fake,True,fake,True,both_correct
gossipcop-866267,gossipcop,Aladdin Live Action Remake Difficult Casting Process,real,True,fake,False,real,True,multimodal_only_correct
gossipcop-863336,gossipcop,Nick Lachey Dug Through the Garbage to Find Vanessa Lachey's Lost Wedding Ring,real,True,real,True,real,True,both_correct
gossipcop-889100,gossipcop,Kate Winslet Sidesteps Questions About Woody Allen: 'It’s Just a Difficult Discussion',real,False,fake,False,fake,False,both_wrong
gossipcop-612921286,gossipcop,Nominees Robert Pattinson & James Franco Are Scruffy Studs at Gotham Awards 2017,fake,True,fake,True,real,False,text_only_correct
gossipcop-914630,gossipcop,See How Far Britney Spears Has Come in 10 Years,real,True,fake,False,real,True,multimodal_only_correct
gossipcop-7744297225,gossipcop,Julie Bowen,fake,True,real,False,real,False,both_wrong
gossipcop-7521939835,gossipcop,Kim Kardashian admits her selfie obsession is a bit ridiculous,fake,True,fake,True,real,False,text_only_correct
gossipcop-2555183019,gossipcop,"Keith Urban, John Mayer and More Musicians React to Gregg Allman's Death: 'My Heart Breaks Today'",fake,True,fake,True,fake,True,both_correct
gossipcop-929853,gossipcop,"Royal Baby's Name Is Louis Arthur Charles, Will and Kate Announce",real,False,fake,False,fake,False,both_wrong
gossipcop-952664,gossipcop,- USweekly,real,False,real,True,real,True,both_correct
politifact15626,politifact,Clint Eastwood Leaves His Estate To The Trump 2020 Campaign,fake,False,fake,True,fake,True,both_correct
gossipcop-870646,gossipcop,Botched patient gets her husband to help duct tape her boobs,real,True,real,True,real,True,both_correct
gossipcop-6602611188,gossipcop,Meghan and Harry: Our baby joy,fake,False,fake,True,fake,True,both_correct
politifact13855,politifact,Remarks by President Trump in a Listening Session on Healthcare,real,True,fake,False,fake,False,both_wrong
gossipcop-942708,gossipcop,Happy Birthday Mary-Kate and Ashley! Celebrate By Looking Back At Their Best Red Carpet Moments,real,False,real,True,real,True,both_correct
gossipcop-887861,gossipcop,"Mark Consuelos Asked ""Riverdale"" Costar Cole Sprouse to Take His Headshot",real,True,real,True,real,True,both_correct
gossipcop-846141,gossipcop,Johnny Depp says ex-managers are to blame for $40M debt,real,True,real,True,real,True,both_correct
gossipcop-9124851665,gossipcop,"Jennifer Aniston Does Not Hate Matthew Perry, Despite Report",fake,False,fake,True,fake,True,both_correct
gossipcop-860884,gossipcop,Pretty Little Liars (season 7),real,False,real,True,real,True,both_correct
gossipcop-893104,gossipcop,"Anderson East, Miranda Lambert Call Out Garth Brooks for Lip-Syncing at 2017 CMA Awards",real,False,real,True,real,True,both_correct
gossipcop-879592,gossipcop,Stephen Colbert to Host 2017 Emmy Awards,real,True,real,True,real,True,both_correct
gossipcop-902921,gossipcop,Tamar’s Ex Vincent Herbert And Laura Govan Deny The Baby Rumors,real,False,fake,False,fake,False,both_wrong
gossipcop-5287901459,gossipcop,5 Reasons Why Tarek El Moussa Will Overcome His Latest Back Injury,fake,True,real,False,real,False,both_wrong
gossipcop-932609,gossipcop,Blake Lively Re-Follows Ryan Reynolds on Instagram — and Her Entire Feed Is Back,real,True,real,True,real,True,both_correct
gossipcop-9219469405,gossipcop,Brad Pitt fires back at Angelina Jolie's child support claims,fake,True,fake,True,fake,True,both_correct
politifact1375,politifact,The Des Moines Register,real,False,real,True,real,True,both_correct
gossipcop-860991,gossipcop,YouTube Star Austin Jones Arrested for Two Counts of Child Pornography,real,True,real,True,real,True,both_correct
gossipcop-842839,gossipcop,"Tyler Hoechlin Returning as Superman for Crossover, Lois Lane to Appear",real,True,real,True,real,True,both_correct
gossipcop-865863,gossipcop,"Happy Birthday, Harper! David Beckham Celebrates with Sweet Photos from a Palace Tea Party (with Princess Eugenie!)",real,True,real,True,real,True,both_correct
gossipcop-881466,gossipcop,"Amazon.com : 10 Colors Eyeliner Glitter, Halloween Eyeshadow, INST Waterproof Shimmer Pigment Silver Gold Metallic Liquid Glitters Eyeliner, Eye Shadow Eyes decoration : Beauty",real,False,real,True,real,True,both_correct
gossipcop-881531,gossipcop,New Game of Thrones Behind-the-Scenes Video Reveals a Surprising Trick in the Arya/Brienne Fight,real,True,real,True,real,True,both_correct
gossipcop-920967,gossipcop,Was Megan Morrison Poisoned By the Institute on The Arrangement? Watch to Find Out!,real,False,real,True,real,True,both_correct
gossipcop-887112,gossipcop,Kacey Musgraves Marries Ruston Kelly,real,True,fake,False,fake,False,both_wrong
gossipcop-9239145633,gossipcop,Kourtney Kardashian Reportedly Pregnant With Baby #4 — Is Ex-BF Younes Bendjima The Dad?,fake,True,fake,True,fake,True,both_correct
gossipcop-951505,gossipcop,The truth about Michael J. Fox and Tracy Pollan's inspiring 30-year love story,real,False,real,True,fake,False,text_only_correct
gossipcop-9340207780,gossipcop,Are Brad Pitt and Jennifer Lawrence dating?,fake,True,fake,True,fake,True,both_correct
gossipcop-4358217190,gossipcop,Celebrity Insider Caught Plagiarizing Cop FactCheck About Brad Pitt  Jennifer Aniston,fake,False,fake,True,fake,True,both_correct
gossipcop-882296,gossipcop,Trouble in paradise: 3 best moments from ‘The Platinum Life’ episode 7,real,True,real,True,real,True,both_correct
gossipcop-908806,gossipcop,"Erykah Badu, In Conversation",real,True,real,True,real,True,both_correct
gossipcop-911137,gossipcop,Chrissy Teigen May Have Seen Pregnant Kylie Jenner’s Baby Bump,real,True,real,True,fake,False,text_only_correct
gossipcop-890575,gossipcop,Andy Dick Fired From Movie Over Sexual Harassment Claims,real,True,real,True,real,True,both_correct
gossipcop-925326,gossipcop,Royal baby: Prince William and Duchess Kate's new prince is named Louis Arthur Charles,real,True,fake,False,fake,False,both_wrong
politifact15161,politifact,"Florida Bridge Collapse, Female Company",fake,False,real,False,real,False,both_wrong
gossipcop-861014,gossipcop,7 Instagram Poses Celebs Like Shay Mitchell Have Perfected,real,False,real,True,real,True,both_correct
gossipcop-3083904320,gossipcop,Is Drake jealous of Rihanna's new beau Hassan Jameel?,fake,False,fake,True,fake,True,both_correct
gossipcop-918328,gossipcop,Mila Kunis and Ashton Kutcher Go Glam for Post-Oscars 2018 Date Night - E! Online,real,False,real,True,real,True,both_correct
gossipcop-6178465486,gossipcop,Angelina Jolie Emotional Over Brad Pitt Dating Neri Oxman Rumors — She Can’t Handle It,fake,False,fake,True,fake,True,both_correct
gossipcop-910944,gossipcop,Inside George and Amal Clooney's World: Now This Is Fate Working Its Magic,real,False,fake,False,fake,False,both_wrong
gossipcop-9006484897,gossipcop,Kate Carrying Twins?,fake,True,fake,True,real,False,text_only_correct
gossipcop-871360,gossipcop,E! NEWS FEATURE: The Oral History of Celebrity Scandals at the Chateau Marmont,real,False,fake,False,fake,False,both_wrong
gossipcop-949661,gossipcop,This Outdoor Barware Will Make Your Summer Plans Even Better,real,False,real,True,fake,False,text_only_correct
gossipcop-909575,gossipcop,Jay-Z: How I mended my marriage to Beyoncé,real,True,fake,False,fake,False,both_wrong
politifact14841,politifact,UPDATE: Van Full Of Illegals Caught Voting At Multiple Alabama Polling Locations,fake,True,fake,True,fake,True,both_correct
gossipcop-1789973138,gossipcop,"Blake Shelton and Adam Levine's 'The Voice' Bromance Has ""Cooled Off"" (EXCLUSIVE)",fake,True,fake,True,fake,True,both_correct
gossipcop-5832793600,gossipcop,"Robert Pattinson, Kristen Stewart Buzz Cuts Pit Against Each Other In HollywoodLife Clickbait",fake,False,fake,True,fake,True,both_correct
gossipcop-7822262151,gossipcop,Jim Carrey: Hollywood Elites ‘Eat Whole Babies’ For Christmas,fake,False,real,False,real,False,both_wrong
politifact910,politifact,"Author Offers Insights on Slavery, the Capitol, and Obama's Inauguration",real,False,real,True,real,True,both_correct
gossipcop-5930092414,gossipcop,Jennifer Aniston Jets Away After Failing To Rekindle With Brad Pitt – See The Photos,fake,True,fake,True,fake,True,both_correct
politifact13698,politifact,trueamericans.me -&nbspThis website is for sale! -&nbsptrueamericans Resources and Information.,fake,False,real,False,real,False,both_wrong
politifact4634,politifact,2011 via CQ subscribers only Tax Foundation,real,False,real,True,real,True,both_correct
gossipcop-870109,gossipcop,Josh Brolin’s Wife Hilariously Trolls Him Over The Size Of His Penis,real,False,real,True,fake,False,text_only_correct
politifact14286,politifact,Paul Ryan: “Donald Trump Plans To Resign From Office Within The Next 30 Days”,fake,False,fake,True,fake,True,both_correct
gossipcop-893876,gossipcop,Bilingual children's book based on life of Selena now available,real,False,fake,False,fake,False,both_wrong
gossipcop-8789278055,gossipcop,Cannes Film Festival Pictures,fake,True,real,False,real,False,both_wrong
gossipcop-916179,gossipcop,Scott Disick and Sofia Richie Enjoy Date Night as She Introduces Second Puppy,real,False,fake,False,fake,False,both_wrong
gossipcop-9439787307,gossipcop,Robert Pattinson ‘Absolutely Loved’ Kristen Stewart’s ‘Hilarious’ SNL Gig: ‘She Was Hilarious’,fake,True,fake,True,fake,True,both_correct
gossipcop-915205,gossipcop,Jimmy Kimmel explains Fergie anthem performance reaction,real,True,real,True,real,True,both_correct
gossipcop-930314,gossipcop,Saturday Savings: Lupita Nyong’o’s $60 Faux Fur Jacket Is a Real Bargain,real,True,real,True,real,True,both_correct
gossipcop-938250,gossipcop,Ashley Iaconetti and Jared Haibon Dating 3 Years After Paradise,real,True,fake,False,fake,False,both_wrong
gossipcop-846423,gossipcop,Emma Watson stages a 'Harry Potter' mini-reunion — but it's not the first,real,True,fake,False,fake,False,both_wrong
gossipcop-8018481296,gossipcop,White Witch warns Angelina Jolie against using spells,fake,True,fake,True,fake,True,both_correct
gossipcop-893180,gossipcop,This Tool Will Give You A Perfect Cat Eye In Seconds,real,True,real,True,real,True,both_correct
gossipcop-874653,gossipcop,Jerry Lewis Dead: Comedy Legend Was 91 – Variety,real,True,fake,False,fake,False,both_wrong
gossipcop-898455,gossipcop,Kate Middleton Wears an Emilia Wickstead Plaid Skirt at the RAF Christmas Party,real,True,real,True,real,True,both_correct
gossipcop-8755915248,gossipcop,Queen Elizabeth II Meeting Prince Louis For the First Time,fake,True,real,False,real,False,both_wrong
politifact15298,politifact,Denzel Washington: With Trump we avoided war with Russia and Orwellian Police State,fake,False,fake,True,fake,True,both_correct
gossipcop-1950567758,gossipcop,Everything Kim Kardashian West Has Said About Baby No. 3,fake,True,fake,True,fake,True,both_correct
gossipcop-2514104692,gossipcop,Ashley Tisdale Slams Pregnancy Rumors,fake,True,fake,True,fake,True,both_correct
gossipcop-4157369613,gossipcop,“New Girl”show is suffering when co-stars Zooey & Jake’s feud on the set…Not having an affair then why such fight? Is it because of Zooey’s pregnancy mood swings? – Married Biography,fake,True,fake,True,fake,True,both_correct
gossipcop-2804158259,gossipcop,Jennifer Aniston Justin Theroux Explosive Showdown Brad Pitt,fake,False,fake,True,fake,True,both_correct
gossipcop-915029,gossipcop,Ashton Kutcher Gives Rare Insight Into First Lonely Days After Demi Moore Divorce,real,False,real,True,real,True,both_correct
politifact620,politifact,Obama campaign radio ad,real,False,real,True,real,True,both_correct
gossipcop-921537,gossipcop,Selena Gomez Brings a Ukulele and a Bikini to Australia–but Not Justin Bieber,real,True,fake,False,fake,False,both_wrong
gossipcop-255832279,gossipcop,"Kim Shares Throwback Photo of Kris and Caitlyn After Family Drama, Sending Fans into Overdrive",fake,True,real,False,real,False,both_wrong
gossipcop-9458505194,gossipcop,Jennifer Garner Dating Chris Pine After Ben Affleck Divorce?,fake,False,fake,True,fake,True,both_correct
gossipcop-918089,gossipcop,Jennifer Garner: See Her Stunning Oscars Style Transformation 15 Years Later,real,False,real,True,real,True,both_correct
gossipcop-924524,gossipcop,Taylor Swift gives surprise performance at Nashville’s Bluebird Cafe,real,True,real,True,real,True,both_correct
gossipcop-920121,gossipcop,This Is Us: Sterling K Brown Tells Us Why Randall 'Had to Seek Out Tess' to Visit 'Her',real,True,real,True,real,True,both_correct
gossipcop-884132,gossipcop,Michelle Obama Gets Surprise Gift at Bruno Mars' Concert -- See the Pics!,real,True,real,True,real,True,both_correct
gossipcop-735368943,gossipcop,Angelina Jolie Buys $25 Million L.A. Mansion: Prepping For Wedding? — See Pics Inside,fake,True,fake,True,fake,True,both_correct
gossipcop-878404,gossipcop,Taylor Swift fights Andy Samberg in AT&T-DirecTV ad,real,True,fake,False,real,True,multimodal_only_correct
gossipcop-6635979412,gossipcop,People Need To Have More Chill About A Jennifer Aniston-Brad Pitt Reunion,fake,False,fake,True,fake,True,both_correct
gossipcop-896405,gossipcop,Burning questions about Meghan Markle and Prince Harry's royal wedding,real,True,fake,False,fake,False,both_wrong
politifact13468,politifact,Denzel Washington hit by Facebook fake news story on Trump,fake,False,fake,True,fake,True,both_correct
gossipcop-636163417,gossipcop,5 Reasons Rob Pattinson's new love leaves Kristen Stewart in the dust,fake,True,fake,True,fake,True,both_correct
gossipcop-6429412886,gossipcop,Brad Pitt: I'm so happy to have Angelina,fake,False,fake,True,fake,True,both_correct
gossipcop-877604,gossipcop,"MIRANDA LAMBERT TOPS THE LIST OF FINALISTS FOR “THE 51st ANNUAL CMA AWARDS” WITH FIVE NOMINATIONS, LITTLE BIG TOWN & KEITH URBAN FOLLOW WITH FOUR",real,False,real,True,fake,False,text_only_correct
gossipcop-861494,gossipcop,Is Dorothy Wang Single After 'Famously Single'? She Isn't The Show's Star Student,real,True,real,True,real,True,both_correct
gossipcop-945446,gossipcop,Ariana Grande and Pete Davidson get tattoos and furniture in NYC,real,True,real,True,real,True,both_correct
gossipcop-4084135030,gossipcop,YogaEsoteric :: Macaulay Culkin: ‘Satanic’ Hollywood Execs Ritually Murder Child Actors ::,fake,True,real,False,real,False,both_wrong
gossipcop-924756,gossipcop,How Kim Kardashian's Diet and Fitness Routine Left Her Feeling Stronger and Tighter,real,False,fake,False,fake,False,both_wrong
gossipcop-5141610439,gossipcop,Angelina's hell as custody battle backfires,fake,False,fake,True,fake,True,both_correct
gossipcop-894763,gossipcop,"Mychael Knight, Fashion Designer and ‘Project Runway’ Finalist, Dies at 39",real,False,real,True,real,True,both_correct
gossipcop-1648328243,gossipcop,Kim Kardashian and Kanye West Name Baby No. 3 Chicago West,fake,True,fake,True,fake,True,both_correct
gossipcop-4544043450,gossipcop,Angelina Jolie Is Getting Ready For Expensive Halloween Party And Brad Pitt Will Be There,fake,False,fake,True,fake,True,both_correct
gossipcop-3023813681,gossipcop,Kim & Kanye: It's over,fake,False,fake,True,fake,True,both_correct
gossipcop-2389938114,gossipcop,Meghan Markle Will Spend Her First Royal Birthday at a Wedding With Prince Harry,fake,True,fake,True,real,False,text_only_correct
gossipcop-852472,gossipcop,"Lauren Bushnell has a new boyfriend after split from 'Bachelor' star Ben Higgins, source says",real,False,real,True,real,True,both_correct
gossipcop-848495,gossipcop,Taylor Swift MIA: 7 Legit(ish) Theories To Explain Where The Popstar Has Disappeared To,real,True,fake,False,real,True,multimodal_only_correct
gossipcop-912918,gossipcop,Ariana Grande talks about her PTSD after Manchester attack,real,True,real,True,real,True,both_correct
gossipcop-4689707405,gossipcop,Are Khloe & Tristan Having ‘Another Baby’? Why Her Trainer Says Workouts Might Lead To That,fake,False,fake,True,fake,True,both_correct
gossipcop-887769,gossipcop,All Things Law And Order: Law & Order SVU “Unstable” Recap & Review,real,True,real,True,real,True,both_correct
gossipcop-8197888031,gossipcop,A Definitive Timeline of Kylie Jenner and Travis Scott's Relationship,fake,False,fake,True,fake,True,both_correct
gossipcop-7333432588,gossipcop,Jennifer Aniston confronts Neri: ‘Stay away from Brad!’,fake,False,fake,True,fake,True,both_correct
gossipcop-843718,gossipcop,Janet Jackson introduces baby boy Eissa to Twitter crowd,real,True,real,True,real,True,both_correct
gossipcop-2874033235,gossipcop,Kourtney Kardashian deletes Instagram after unfollowing Younes,fake,True,fake,True,real,False,text_only_correct
gossipcop-8779895915,gossipcop,O.J. Simpson: I’m Not Khloe Kardashian’s Dad,fake,True,fake,True,fake,True,both_correct
gossipcop-8480532008,gossipcop,Blake Shelton’s Secret Late Night Calls To Miranda,fake,False,fake,True,fake,True,both_correct
gossipcop-2134848777,gossipcop,"People Are Accusing Meghan Markle Of Starving Herself For The Wedding, & It's Hugely Problematic",fake,True,fake,True,fake,True,both_correct
gossipcop-847611,gossipcop,This $5 Beauty Tool Saves Ashley Graham's Feet on the Red Carpet,real,False,real,True,real,True,both_correct
gossipcop-2429826373,gossipcop,"Jennifer Aniston, Justin Theroux Latest Rumors: ‘Friends’ Alum to Pay ‘The Leftovers’ Actor Millions for His Silence?",fake,True,fake,True,fake,True,both_correct
gossipcop-2137782347,gossipcop,"Teyana Taylor Tickled By Kanye West Dating Gossip, ""[They] Got Me Die'N Over Here!"" – SOHH.com",fake,False,fake,True,fake,True,both_correct
gossipcop-911737,gossipcop,Melissa McCarthy makes out with 20-year-old man,real,True,real,True,real,True,both_correct
gossipcop-883073,gossipcop,Jesse Williams ordered to pay estranged wife $160K,real,True,real,True,real,True,both_correct
gossipcop-2198752369,gossipcop,Prince Harry  Meghan Markle Shunning Shunning Pippa Middleton At Wedding Is MadeUp,fake,False,fake,True,fake,True,both_correct
politifact3131,politifact,Monthly Treasury Statement of Receipts and Outlays of the United States Government,real,False,real,True,real,True,both_correct
gossipcop-6141215150,gossipcop,Paris Jackson Is 'Focusing on Her Film and Modeling Career' With New Dark Comedy Role,fake,True,fake,True,real,False,text_only_correct
gossipcop-859617,gossipcop,Mischa Barton's new flame James Abercrombie's worth $610m,real,True,real,True,real,True,both_correct
politifact4879,politifact,"Rick Santorum: By amending constitution, we can balance the budget for good",real,False,real,True,real,True,both_correct
gossipcop-7827605676,gossipcop,Jennifer Lopez Tickets,fake,True,fake,True,real,False,text_only_correct
gossipcop-867293,gossipcop,"Yes, Ed Sheeran's 'Game of Thrones' Cameo Was A Mistake",real,True,real,True,real,True,both_correct
gossipcop-861920,gossipcop,WWE's Brie Bella Gives Birth: 3 Reasons Birdie Joe Is A Million-Dollar Baby,real,True,real,True,real,True,both_correct
gossipcop-8887454037,gossipcop,Angelina Jolie 'is not happy' with current custody deal with Brad Pitt: Report,fake,False,fake,True,fake,True,both_correct
gossipcop-6988354769,gossipcop,Aaron Rodgers Girlfriend: Is Packers QB Dating Soccer Star Marie Margolius? [VIDEO],fake,False,real,False,real,False,both_wrong
gossipcop-1720994729,gossipcop,Did Meghan Markle Have A Secret First Husband?,fake,False,fake,True,fake,True,both_correct
politifact13593,politifact,"Bill Murray Had This to Say About Rochester, New Hampshire Residents – News Daily 12",fake,True,real,False,real,False,both_wrong
gossipcop-952215,gossipcop,Blake Shelton Falls on Stage and It May Just Be Pitbull's Fault,real,False,fake,False,fake,False,both_wrong
gossipcop-5048928733,gossipcop,See Birthday Boy Robert Pattinson Transform Through the Years,fake,False,fake,True,fake,True,both_correct
gossipcop-5230858025,gossipcop,Angelina Jolie shows true colours after Brad Pitt breakup,fake,False,fake,True,fake,True,both_correct
gossipcop-667682841,gossipcop,"No, Billy Bush isn't hosting a show on Fox",fake,True,real,False,real,False,both_wrong
gossipcop-3984588978,gossipcop,Kate Mara Laughs Off Report About Banning Rooney's Boyfriend Joaquin Phoenix from Wedding,fake,True,fake,True,fake,True,both_correct
gossipcop-155150728,gossipcop,New Dad George Raises Stink Over Dirty Diaper Duty!,fake,True,real,False,real,False,both_wrong
gossipcop-5866775064,gossipcop,Miranda Lambert Desperate To Meet With Blake Shelton After His Reported Split From Gwen Stefani,fake,False,fake,True,fake,True,both_correct
gossipcop-6345761457,gossipcop,Celebrities pay tribute to Mary Tyler Moore,fake,True,real,False,real,False,both_wrong
gossipcop-6414877465,gossipcop,Celebrities react to President Trump's 'unhinged' press conference,fake,True,fake,True,fake,True,both_correct
gossipcop-881613,gossipcop,10 Times Kim Kardashian Was Absolutely Savage to Her Sisters on KUWTK,real,True,real,True,real,True,both_correct
gossipcop-3999881528,gossipcop,Kate Had Pickles Delivered To Kensington Palace To Satisfy Pregnancy,fake,False,fake,True,fake,True,both_correct
gossipcop-867416,gossipcop,3-Minute Hairstyles for When You're Running Late,real,False,real,True,real,True,both_correct
gossipcop-9938603260,gossipcop,Katy Perry Bans Taylor Swift's Songs From 'American Idol',fake,True,fake,True,fake,True,both_correct
gossipcop-883762,gossipcop,Wonder Woman star Lynda Carter hits out at 'poor soul' James Cameron,real,True,real,True,real,True,both_correct
gossipcop-2157078973,gossipcop,A-Rod Has This to Say About Those Jennifer Lopez Engagement Rumors,fake,True,fake,True,real,False,text_only_correct
gossipcop-2172181860,gossipcop,Angelina Jolie,fake,True,fake,True,fake,True,both_correct
gossipcop-5791506883,gossipcop,"Angelina Jolie, Brad Pitt appear ready to adopt Syrian refugee",fake,True,fake,True,fake,True,both_correct
gossipcop-1603768996,gossipcop,Meghan Markle ‘Overwhelmed’ By Royal Etiquette — How Harry & The Queen Are Helping,fake,False,fake,True,fake,True,both_correct
gossipcop-902601,gossipcop,Pregnant Khloe Kardashian shows off growing baby bump as she works out with sister Kourtney,real,True,fake,False,fake,False,both_wrong
gossipcop-5352369226,gossipcop,The Complete History Of Tyga & Kylie Jenner's Relationship,fake,False,fake,True,fake,True,both_correct
gossipcop-7697671735,gossipcop,Michael Fassbender and Alicia Vikander have gotten married in Ibiza,fake,True,real,False,fake,True,multimodal_only_correct
gossipcop-884027,gossipcop,Katy Perry spends $7.5 million on lavish four bedroom mansion for her friends and family,real,True,fake,False,fake,False,both_wrong
gossipcop-1337735613,gossipcop,Ben Affleck lands in NYC after denying he's engaged,fake,True,fake,True,fake,True,both_correct
gossipcop-859980,gossipcop,List of High School Musical characters,real,False,real,True,real,True,both_correct
gossipcop-8318775655,gossipcop,Matt Lauer's could pay ex-wife Annette Roque $20M in divorce,fake,True,real,False,real,False,both_wrong
gossipcop-888524,gossipcop,6 Creative ‘Bachelorette’ Couples Costume Ideas That’ll Turn Any Halloween Party Into A Dramatic Rose Ceremony,real,True,real,True,real,True,both_correct
gossipcop-4976926061,gossipcop,Justin Bieber ‘Still Reeling’ From Selena Gomez Split: Is He Searching For A New Love To Replace Her?,fake,False,fake,True,fake,True,both_correct
gossipcop-893320,gossipcop,Lauren Tom,real,False,real,True,real,True,both_correct
gossipcop-5353009966,gossipcop,Gwen Stefani Is Convinced Blake Shelton Is PEOPLE's Sexiest Man Alive: 'I Really Scored',fake,False,fake,True,fake,True,both_correct
gossipcop-893956,gossipcop,'American Horror Story': How 'Cult' Went Beyond Trump vs. Clinton,real,True,fake,False,fake,False,both_wrong
gossipcop-1026488145,gossipcop,Cougar Angelina Jolie Sinks Her Claws Into Hottie Garrett Hedlund,fake,False,fake,True,fake,True,both_correct
gossipcop-888155,gossipcop,Jason Isaacs Almost Turned Down the Role of Lucius Malfoy in “Harry Potter”,real,True,fake,False,real,True,multimodal_only_correct
gossipcop-922488,gossipcop,‘The Big Bang Theory’ To End Run After 12 Seasons On CBS With “Epic Close”,real,True,real,True,real,True,both_correct
gossipcop-918691,gossipcop,Bekah Martinez: Arie Luyendyk Jr. DM'ed Me After ‘Bachelor’,real,True,real,True,real,True,both_correct
gossipcop-912502,gossipcop,Diddy Finally Explains His Photoshop Savageness! WATCH HERE!,real,True,real,True,real,True,both_correct
gossipcop-915080,gossipcop,Hollywood's Top 30 Stars Under Age 18,real,True,real,True,real,True,both_correct
politifact2959,politifact,Taxable Estates Estate Tax Liability and Average Estate Tax Rate By Size of Gross Estate,real,False,real,True,real,True,both_correct
gossipcop-5154947333,gossipcop,Nicole Kidman and Reese Witherspoon in bitter feud,fake,False,fake,True,fake,True,both_correct
gossipcop-897431,gossipcop,Colin Jost,real,False,real,True,real,True,both_correct
gossipcop-532752162,gossipcop,Kendall Jenner Hilariously Responds to Pregnancy Rumors,fake,True,fake,True,fake,True,both_correct
gossipcop-896889,gossipcop,Amber Portwood's Ex-Fiancé Matt Baier Is Married,real,True,real,True,real,True,both_correct
gossipcop-949987,gossipcop,Brittainy Taylor and Shannon Ford’s Feud Gets Explosive at the Worst Possible Time on Very Cavallari!,real,False,real,True,real,True,both_correct
gossipcop-49247036,gossipcop,"‘I tried Kim Kardashian’s diet for two weeks, and the results weren’t what I expected’",fake,True,fake,True,fake,True,both_correct
gossipcop-915626,gossipcop,"‘Bachelor Winter Games’ Cast Talks Surprise Engagement, Finding Love in Four Episodes",real,True,real,True,real,True,both_correct
gossipcop-4640454421,gossipcop,Rihanna’s BF Hassan Jameel Worried About ‘Unpredictable’ Chris Brown & Fears He Wants Her Back,fake,False,fake,True,fake,True,both_correct
gossipcop-856873,gossipcop,‘Wonder Woman’ London Premiere Canceled After Manchester Attack – Variety,real,True,real,True,real,True,both_correct
gossipcop-2469835068,gossipcop,Truth Surfaces Behind Rumors Of Blake Shelton & Miranda Lambert Reunion,fake,False,fake,True,fake,True,both_correct
politifact1614,politifact,Transcripts,real,False,real,True,real,True,both_correct
gossipcop-3554906009,gossipcop,Gwen Stefani: Dumped By Blake Shelton! Blindsided and Heartbroken!,fake,False,fake,True,fake,True,both_correct
gossipcop-390778342,gossipcop,The Kardashians are ‘desperately’ trying to rescue Kylie Jenner’s new show after it’s slammed as ‘the fakest reality show ever’,fake,True,fake,True,fake,True,both_correct
gossipcop-946388,gossipcop,Kim Kardashian West Says Her Kids Don't Know She's Famous: They 'Have No Clue',real,True,fake,False,real,True,multimodal_only_correct
gossipcop-908207,gossipcop,Teen Mom OG's Tyler Baltierra reveals struggles to therapist as Catelynn Lowell heads to rehab,real,True,real,True,real,True,both_correct
politifact586,politifact,letter filed on behalf of Sen Barack Obama and the Obama Exploratory Committee,real,False,real,True,real,True,both_correct
gossipcop-9959276960,gossipcop,Emma Stone Is on Vacation with Justin Theroux in the South of France,fake,True,fake,True,fake,True,both_correct
gossipcop-929636,gossipcop,President Trump and first lady Melania release 2018 White House Christmas portrait,real,False,real,True,real,True,both_correct
gossipcop-4301878959,gossipcop,Las Vegas Shooting: Celebrities Call for Gun Control – Rolling Stone,fake,True,fake,True,fake,True,both_correct
gossipcop-833460,gossipcop,"Inside the Quietly Adventurous Career of Jessica Biel, From 7th Heaven to The Sinner",real,False,fake,False,fake,False,both_wrong
gossipcop-6605956680,gossipcop,Jennifer Lopez Says Her Relationship With Alex Rodriguez 'Is Over' If He Does This One Thing,fake,True,fake,True,fake,True,both_correct
gossipcop-9665725384,gossipcop,"Audrina Patridge Files for Divorce, Gets Restraining Order Against Husband (UPDATE)",fake,True,real,False,real,False,both_wrong
politifact15268,politifact,THIS ARTICLE RETRACTED: Red Crescent Says No Evidence of Chemical Attack in Syria’s Douma,fake,True,real,False,real,False,both_wrong
gossipcop-5789234276,gossipcop,Katie Holmes and Jamie Foxx 'split and call off wedding' after five years of secret romance,fake,True,fake,True,fake,True,both_correct
gossipcop-9807039478,gossipcop,O.J Simpson asks Kim Kardashian for help to forgive?,fake,False,fake,True,fake,True,both_correct
gossipcop-5248691728,gossipcop,Kourtney Kardashian’s secret wedding allegedly still had a camera crew,fake,False,fake,True,real,False,text_only_correct
gossipcop-929969,gossipcop,"Queer Eye Star Antoni Porowski on Fab Five's Instant Chemistry: ""We Felt Something Special""",real,False,real,True,real,True,both_correct
gossipcop-9372084354,gossipcop,Celebrities react to Harvey Weinstein's arrest,fake,True,fake,True,fake,True,both_correct
gossipcop-5098934079,gossipcop,Miley Cyrus and Liam Hemsworth 'to start a family in 2018',fake,True,fake,True,fake,True,both_correct
gossipcop-920962,gossipcop,Jennifer Lopez Says She Still Believes in Marriage but 'Isn't Forcing Anything' with A-Rod,real,True,fake,False,real,True,multimodal_only_correct
gossipcop-881417,gossipcop,Aaron Paul and wife Lauren Paul are expecting their first child,real,False,real,True,real,True,both_correct
gossipcop-9302133862,gossipcop,"Sarah Silverman, Kate Beckinsale Writing Comedy Series Together?",fake,False,real,False,real,False,both_wrong
gossipcop-843559,gossipcop,Keri Russell,real,True,real,True,real,True,both_correct
